Orientation [°],Layer Height [mm],Nozzle Diameter [mm],Print Speed [mm/min],Avg Temperature [°C],Avg Filament Speed [mm/s],Avg Force [g],Modulus [MPa],Tensile Stress at Tensile Strength [MPa],Run,Sample,Notes,Filepath
0,0.1,0.3,1200,226.79,0.36,870.77,2515.99,38.84,1,1,M,C:/Users/gerardoamc/Downloads/Data Collection/0 degree orientation/0_4_3200_100_25_01_03_1200/1_100_25_01_03_1200_0_M.csv
0,0.1,0.3,1200,224.29,0.43,870.32,2343.66,39.45,1,2,M,C:/Users/gerardoamc/Downloads/Data Collection/0 degree orientation/0_4_3200_100_25_01_03_1200/1_100_25_01_03_1200_0_M.csv
0,0.1,0.3,1200,227.05,0.24,826.45,2654.49,39.62,1,3,M,C:/Users/gerardoamc/Downloads/Data Collection/0 degree orientation/0_4_3200_100_25_01_03_1200/1_100_25_01_03_1200_0_M.csv
0,0.1,0.3,1200,226.89,0.24,793.59,2273.61,39.34,1,4,M,C:/Users/gerardoamc/Downloads/Data Collection/0 degree orientation/0_4_3200_100_25_01_03_1200/1_100_25_01_03_1200_0_M.csv
0,0.1,0.3,1200,227.65,0.24,793.59,3208.57,40.65,2,1,JB,C:/Users/gerardoamc/Downloads/Data Collection/0 degree orientation/0_4_3200_100_25_01_03_1200/2_25_100_01_03_1200_0_JB.csv
0,0.1,0.3,1200,227.67,0.24,842.22,2830.94,41.08,2,2,JB,C:/Users/gerardoamc/Downloads/Data Collection/0 degree orientation/0_4_3200_100_25_01_03_1200/2_25_100_01_03_1200_0_JB.csv
0,0.1,0.3,1200,227.61,0.24,688.01,3140.89,41.37,2,3,JB,C:/Users/gerardoamc/Downloads/Data Collection/0 degree orientation/0_4_3200_100_25_01_03_1200/2_25_100_01_03_1200_0_JB.csv
0,0.1,0.3,1200,227.58,0.24,663.75,2664.05,41.66,2,4,JB,C:/Users/gerardoamc/Downloads/Data Collection/0 degree orientation/0_4_3200_100_25_01_03_1200/2_25_100_01_03_1200_0_JB.csv
0,0.1,0.3,2400,226.81,0.48,753.62,2709.95,39.34,1,1,JB,C:/Users/gerardoamc/Downloads/Data Collection/0 degree orientation/0_4_3200_100_25_01_03_2400/1_100_25_01_03_2400_0_JB.csv
0,0.1,0.3,2400,226.83,0.48,738.50,2220.20,39.86,1,2,JB,C:/Users/gerardoamc/Downloads/Data Collection/0 degree orientation/0_4_3200_100_25_01_03_2400/1_100_25_01_03_2400_0_JB.csv
0,0.1,0.3,2400,226.8,0.48,733.66,3216.06,38.17,1,3,JB,C:/Users/gerardoamc/Downloads/Data Collection/0 degree orientation/0_4_3200_100_25_01_03_2400/1_100_25_01_03_2400_0_JB.csv
0,0.1,0.3,2400,226.77,0.48,754.01,2065.31,36.92,1,4,JB,C:/Users/gerardoamc/Downloads/Data Collection/0 degree orientation/0_4_3200_100_25_01_03_2400/1_100_25_01_03_2400_0_JB.csv
0,0.1,0.3,2400,227.61,0.47,750.63,2501.91,41.91,2,1,JB,C:/Users/gerardoamc/Downloads/Data Collection/0 degree orientation/0_4_3200_100_25_01_03_2400/2_25_100_01_03_2400_0_JB.csv
0,0.1,0.3,2400,227.59,0.47,790.63,2213.55,41.18,2,2,JB,C:/Users/gerardoamc/Downloads/Data Collection/0 degree orientation/0_4_3200_100_25_01_03_2400/2_25_100_01_03_2400_0_JB.csv
0,0.1,0.3,2400,227.6,0.48,768.00,2365.27,42.01,2,3,JB,C:/Users/gerardoamc/Downloads/Data Collection/0 degree orientation/0_4_3200_100_25_01_03_2400/2_25_100_01_03_2400_0_JB.csv
0,0.1,0.3,2400,227.48,0.48,716.02,3014.29,40.98,2,4,JB,C:/Users/gerardoamc/Downloads/Data Collection/0 degree orientation/0_4_3200_100_25_01_03_2400/2_25_100_01_03_2400_0_JB.csv
0,0.1,0.3,3600,226.87,0.70,866.49,2389.39,40.44,1,1,M,C:/Users/gerardoamc/Downloads/Data Collection/0 degree orientation/0_4_3200_100_25_01_03_3600/1_100_25_01_03_3600_0_M.csv
0,0.1,0.3,3600,226.8,0.69,946.27,3116.37,38.91,1,2,M,C:/Users/gerardoamc/Downloads/Data Collection/0 degree orientation/0_4_3200_100_25_01_03_3600/1_100_25_01_03_3600_0_M.csv
0,0.1,0.3,3600,226.73,0.69,1118.57,2670.90,38.50,1,3,M,C:/Users/gerardoamc/Downloads/Data Collection/0 degree orientation/0_4_3200_100_25_01_03_3600/1_100_25_01_03_3600_0_M.csv
0,0.1,0.3,3600,226.74,0.69,943.45,3106.17,38.16,1,4,M,C:/Users/gerardoamc/Downloads/Data Collection/0 degree orientation/0_4_3200_100_25_01_03_3600/1_100_25_01_03_3600_0_M.csv
0,0.1,0.3,3600,227.6,0.70,1094.94,2314.16,41.00,2,1,JB,C:/Users/gerardoamc/Downloads/Data Collection/0 degree orientation/0_4_3200_100_25_01_03_3600/2_25_100_01_03_3600_0_JB.csv
0,0.1,0.3,3600,227.59,0.69,851.83,2690.31,41.75,2,2,JB,C:/Users/gerardoamc/Downloads/Data Collection/0 degree orientation/0_4_3200_100_25_01_03_3600/2_25_100_01_03_3600_0_JB.csv
0,0.1,0.3,3600,227.48,0.69,794.55,2179.24,41.70,2,3,JB,C:/Users/gerardoamc/Downloads/Data Collection/0 degree orientation/0_4_3200_100_25_01_03_3600/2_25_100_01_03_3600_0_JB.csv
0,0.1,0.3,3600,227.55,0.69,827.17,2900.69,41.08,2,4,JB,C:/Users/gerardoamc/Downloads/Data Collection/0 degree orientation/0_4_3200_100_25_01_03_3600/2_25_100_01_03_3600_0_JB.csv
0,0.1,0.4,1200,232.51,0.34,368.36,2533.15,38.10,1,1,S,C:/Users/gerardoamc/Downloads/Data Collection/0 degree orientation/0_4_3200_100_25_01_04_1200/1_100_25_01_04_1200_0_S.csv
0,0.1,0.4,1200,232.85,0.34,282.29,2086.68,37.46,1,2,S,C:/Users/gerardoamc/Downloads/Data Collection/0 degree orientation/0_4_3200_100_25_01_04_1200/1_100_25_01_04_1200_0_S.csv
0,0.1,0.4,1200,233.1,0.34,139.83,2431.08,38.98,1,3,S,C:/Users/gerardoamc/Downloads/Data Collection/0 degree orientation/0_4_3200_100_25_01_04_1200/1_100_25_01_04_1200_0_S.csv
0,0.1,0.4,1200,232.78,0.34,159.37,2157.10,39.50,1,4,S,C:/Users/gerardoamc/Downloads/Data Collection/0 degree orientation/0_4_3200_100_25_01_04_1200/1_100_25_01_04_1200_0_S.csv
0,0.1,0.4,1200,232.95,0.34,329.27,2412.68,38.31,2,1,S,C:/Users/gerardoamc/Downloads/Data Collection/0 degree orientation/0_4_3200_100_25_01_04_1200/2_100_25_01_04_1200_0_S.csv
0,0.1,0.4,1200,233.2,0.34,229.43,2019.98,39.40,2,2,S,C:/Users/gerardoamc/Downloads/Data Collection/0 degree orientation/0_4_3200_100_25_01_04_1200/2_100_25_01_04_1200_0_S.csv
0,0.1,0.4,1200,233.51,0.34,129.77,2239.28,37.92,2,3,S,C:/Users/gerardoamc/Downloads/Data Collection/0 degree orientation/0_4_3200_100_25_01_04_1200/2_100_25_01_04_1200_0_S.csv
0,0.1,0.4,1200,233.45,0.34,103.44,2034.29,35.13,2,4,S,C:/Users/gerardoamc/Downloads/Data Collection/0 degree orientation/0_4_3200_100_25_01_04_1200/2_100_25_01_04_1200_0_S.csv
0,0.1,0.4,2400,232.2,0.66,538.87,1837.82,34.21,1,1,S,C:/Users/gerardoamc/Downloads/Data Collection/0 degree orientation/0_4_3200_100_25_01_04_2400/1_100_25_01_04_2400_0_S.csv
0,0.1,0.4,2400,233.61,0.66,397.78,2242.75,38.61,1,2,S,C:/Users/gerardoamc/Downloads/Data Collection/0 degree orientation/0_4_3200_100_25_01_04_2400/1_100_25_01_04_2400_0_S.csv
0,0.1,0.4,2400,233.88,0.66,312.37,2383.45,38.03,1,3,S,C:/Users/gerardoamc/Downloads/Data Collection/0 degree orientation/0_4_3200_100_25_01_04_2400/1_100_25_01_04_2400_0_S.csv
0,0.1,0.4,2400,233.72,0.66,282.25,2370.99,40.72,1,4,S,C:/Users/gerardoamc/Downloads/Data Collection/0 degree orientation/0_4_3200_100_25_01_04_2400/1_100_25_01_04_2400_0_S.csv
0,0.1,0.4,2400,233.28,0.66,605.48,1859.54,37.86,2,1,S,C:/Users/gerardoamc/Downloads/Data Collection/0 degree orientation/0_4_3200_100_25_01_04_2400/2_100_25_01_04_2400_0_S.csv
0,0.1,0.4,2400,233.39,0.66,465.06,2819.15,39.84,2,2,S,C:/Users/gerardoamc/Downloads/Data Collection/0 degree orientation/0_4_3200_100_25_01_04_2400/2_100_25_01_04_2400_0_S.csv
0,0.1,0.4,2400,233.53,0.66,342.72,2246.57,39.67,2,3,S,C:/Users/gerardoamc/Downloads/Data Collection/0 degree orientation/0_4_3200_100_25_01_04_2400/2_100_25_01_04_2400_0_S.csv
0,0.1,0.4,2400,233.4,0.66,329.31,2228.01,40.32,2,4,S,C:/Users/gerardoamc/Downloads/Data Collection/0 degree orientation/0_4_3200_100_25_01_04_2400/2_100_25_01_04_2400_0_S.csv
0,0.1,0.4,3600,232.72,0.97,627.14,2325.58,37.90,1,1,S,C:/Users/gerardoamc/Downloads/Data Collection/0 degree orientation/0_4_3200_100_25_01_04_3600/1_100_25_01_04_3600_0_S.csv
0,0.1,0.4,3600,233.01,0.97,476.46,2167.99,39.85,1,2,S,C:/Users/gerardoamc/Downloads/Data Collection/0 degree orientation/0_4_3200_100_25_01_04_3600/1_100_25_01_04_3600_0_S.csv
0,0.1,0.4,3600,233.22,0.98,369.03,2772.76,39.27,1,3,S,C:/Users/gerardoamc/Downloads/Data Collection/0 degree orientation/0_4_3200_100_25_01_04_3600/1_100_25_01_04_3600_0_S.csv
0,0.1,0.4,3600,233.2,0.97,394.02,2972.97,39.61,1,4,S,C:/Users/gerardoamc/Downloads/Data Collection/0 degree orientation/0_4_3200_100_25_01_04_3600/1_100_25_01_04_3600_0_S.csv
0,0.1,0.4,3600,233.33,0.96,681.00,2128.91,37.18,2,1,S,C:/Users/gerardoamc/Downloads/Data Collection/0 degree orientation/0_4_3200_100_25_01_04_3600/2_100_25_01_04_3600_0_S.csv
0,0.1,0.4,3600,233.52,0.97,463.54,2339.89,39.61,2,2,S,C:/Users/gerardoamc/Downloads/Data Collection/0 degree orientation/0_4_3200_100_25_01_04_3600/2_100_25_01_04_3600_0_S.csv
0,0.1,0.4,3600,233.69,0.97,334.75,2330.17,38.15,2,3,S,C:/Users/gerardoamc/Downloads/Data Collection/0 degree orientation/0_4_3200_100_25_01_04_3600/2_100_25_01_04_3600_0_S.csv
0,0.1,0.4,3600,233.63,0.97,335.10,2465.14,40.40,2,4,S,C:/Users/gerardoamc/Downloads/Data Collection/0 degree orientation/0_4_3200_100_25_01_04_3600/2_100_25_01_04_3600_0_S.csv
0,0.1,0.8,1200,227.31,0.64,214.56,2340.59,38.99,1,1,J,C:/Users/gerardoamc/Downloads/Data Collection/0 degree orientation/0_4_3200_100_25_01_08_1200/1_100_25_01_08_1200_0_J.csv
0,0.1,0.8,1200,227.26,0.64,214.70,2147.74,38.57,1,2,J,C:/Users/gerardoamc/Downloads/Data Collection/0 degree orientation/0_4_3200_100_25_01_08_1200/1_100_25_01_08_1200_0_J.csv
0,0.1,0.8,1200,227.22,0.64,184.10,2302.67,39.19,1,3,J,C:/Users/gerardoamc/Downloads/Data Collection/0 degree orientation/0_4_3200_100_25_01_08_1200/1_100_25_01_08_1200_0_J.csv
0,0.1,0.8,1200,227.19,0.64,151.79,2214.73,38.63,1,4,J,C:/Users/gerardoamc/Downloads/Data Collection/0 degree orientation/0_4_3200_100_25_01_08_1200/1_100_25_01_08_1200_0_J.csv
0,0.1,0.8,1200,227.3,0.64,179.41,2367.59,39.00,2,1,J,C:/Users/gerardoamc/Downloads/Data Collection/0 degree orientation/0_4_3200_100_25_01_08_1200/2_100_25_01_08_1200_0_J.csv
0,0.1,0.8,1200,227.28,0.64,188.70,2230.09,39.06,2,2,J,C:/Users/gerardoamc/Downloads/Data Collection/0 degree orientation/0_4_3200_100_25_01_08_1200/2_100_25_01_08_1200_0_J.csv
0,0.1,0.8,1200,227.22,0.64,145.43,2204.73,39.09,2,3,J,C:/Users/gerardoamc/Downloads/Data Collection/0 degree orientation/0_4_3200_100_25_01_08_1200/2_100_25_01_08_1200_0_J.csv
0,0.1,0.8,1200,227.14,0.64,114.66,2130.62,38.28,2,4,J,C:/Users/gerardoamc/Downloads/Data Collection/0 degree orientation/0_4_3200_100_25_01_08_1200/2_100_25_01_08_1200_0_J.csv
0,0.1,0.8,2400,227.2,1.23,339.12,2396.09,39.66,1,1,J,C:/Users/gerardoamc/Downloads/Data Collection/0 degree orientation/0_4_3200_100_25_01_08_2400/1_100_25_01_08_2400_0_J.csv
0,0.1,0.8,2400,227.12,1.23,380.34,2357.46,39.03,1,2,J,C:/Users/gerardoamc/Downloads/Data Collection/0 degree orientation/0_4_3200_100_25_01_08_2400/1_100_25_01_08_2400_0_J.csv
0,0.1,0.8,2400,227.09,1.23,387.20,1905.07,39.17,1,3,J,C:/Users/gerardoamc/Downloads/Data Collection/0 degree orientation/0_4_3200_100_25_01_08_2400/1_100_25_01_08_2400_0_J.csv
0,0.1,0.8,2400,227.13,1.23,343.90,2581.31,39.00,1,4,J,C:/Users/gerardoamc/Downloads/Data Collection/0 degree orientation/0_4_3200_100_25_01_08_2400/1_100_25_01_08_2400_0_J.csv
0,0.1,0.8,2400,227.19,1.24,252.13,2546.50,38.56,2,1,J,C:/Users/gerardoamc/Downloads/Data Collection/0 degree orientation/0_4_3200_100_25_01_08_2400/2_100_25_01_08_2400_0_J.csv
0,0.1,0.8,2400,227.18,1.23,301.05,1912.91,38.62,2,2,J,C:/Users/gerardoamc/Downloads/Data Collection/0 degree orientation/0_4_3200_100_25_01_08_2400/2_100_25_01_08_2400_0_J.csv
0,0.1,0.8,2400,227.15,1.23,294.16,2011.75,38.84,2,3,J,C:/Users/gerardoamc/Downloads/Data Collection/0 degree orientation/0_4_3200_100_25_01_08_2400/2_100_25_01_08_2400_0_J.csv
0,0.1,0.8,2400,227.11,1.23,271.21,2196.39,38.96,2,4,J,C:/Users/gerardoamc/Downloads/Data Collection/0 degree orientation/0_4_3200_100_25_01_08_2400/2_100_25_01_08_2400_0_J.csv
0,0.1,0.8,2400,227.23,1.24,332.40,2315.04,38.13,3,1,J,C:/Users/gerardoamc/Downloads/Data Collection/0 degree orientation/0_4_3200_100_25_01_08_2400/3_100_25_01_08_2400_0_J.csv
0,0.1,0.8,2400,227.19,1.23,350.81,2125.44,38.14,3,2,J,C:/Users/gerardoamc/Downloads/Data Collection/0 degree orientation/0_4_3200_100_25_01_08_2400/3_100_25_01_08_2400_0_J.csv
0,0.1,0.8,2400,227.13,1.23,331.79,2301.40,37.02,3,3,J,C:/Users/gerardoamc/Downloads/Data Collection/0 degree orientation/0_4_3200_100_25_01_08_2400/3_100_25_01_08_2400_0_J.csv
0,0.1,0.8,2400,227.16,1.23,299.60,2367.09,38.10,3,4,J,C:/Users/gerardoamc/Downloads/Data Collection/0 degree orientation/0_4_3200_100_25_01_08_2400/3_100_25_01_08_2400_0_J.csv
0,0.1,0.8,3600,227.2,1.81,219.76,1864.11,39.03,1,1,J,C:/Users/gerardoamc/Downloads/Data Collection/0 degree orientation/0_4_3200_100_25_01_08_3600/1_100_25_01_08_3600_0_J.csv
0,0.1,0.8,3600,227.1,1.79,283.86,1997.05,37.23,1,2,J,C:/Users/gerardoamc/Downloads/Data Collection/0 degree orientation/0_4_3200_100_25_01_08_3600/1_100_25_01_08_3600_0_J.csv
0,0.1,0.8,3600,227.06,1.78,262.55,2532.20,37.49,1,3,J,C:/Users/gerardoamc/Downloads/Data Collection/0 degree orientation/0_4_3200_100_25_01_08_3600/1_100_25_01_08_3600_0_J.csv
0,0.1,0.8,3600,227.03,1.63,210.42,1879.49,32.88,1,4,J,C:/Users/gerardoamc/Downloads/Data Collection/0 degree orientation/0_4_3200_100_25_01_08_3600/1_100_25_01_08_3600_0_J.csv
0,0.1,0.8,3600,227.13,1.81,258.54,2463.73,39.15,2,1,J,C:/Users/gerardoamc/Downloads/Data Collection/0 degree orientation/0_4_3200_100_25_01_08_3600/2_100_25_01_08_3600_0_J.csv
0,0.1,0.8,3600,227.12,1.80,242.55,2317.91,38.98,2,2,J,C:/Users/gerardoamc/Downloads/Data Collection/0 degree orientation/0_4_3200_100_25_01_08_3600/2_100_25_01_08_3600_0_J.csv
0,0.1,0.8,3600,227.09,1.80,178.13,2642.67,39.05,2,3,J,C:/Users/gerardoamc/Downloads/Data Collection/0 degree orientation/0_4_3200_100_25_01_08_3600/2_100_25_01_08_3600_0_J.csv
0,0.1,0.8,3600,227.11,1.80,186.59,2124.54,38.38,2,4,J,C:/Users/gerardoamc/Downloads/Data Collection/0 degree orientation/0_4_3200_100_25_01_08_3600/2_100_25_01_08_3600_0_J.csv
0,0.2,0.3,1200,226.92,0.48,666.39,3106.77,36.76,1,1,M,C:/Users/gerardoamc/Downloads/Data Collection/0 degree orientation/0_4_3200_100_25_02_03_1200/1_100_25_02_03_1200_0_M.csv
0,0.2,0.3,1200,226.88,0.49,612.78,3738.61,38.09,1,2,M,C:/Users/gerardoamc/Downloads/Data Collection/0 degree orientation/0_4_3200_100_25_02_03_1200/1_100_25_02_03_1200_0_M.csv
0,0.2,0.3,1200,226.91,0.49,594.86,2776.99,38.36,1,3,M,C:/Users/gerardoamc/Downloads/Data Collection/0 degree orientation/0_4_3200_100_25_02_03_1200/1_100_25_02_03_1200_0_M.csv
0,0.2,0.3,1200,226.84,0.49,612.49,2760.85,38.48,1,4,M,C:/Users/gerardoamc/Downloads/Data Collection/0 degree orientation/0_4_3200_100_25_02_03_1200/1_100_25_02_03_1200_0_M.csv
0,0.2,0.3,1200,227.71,0.48,671.84,3746.81,35.42,2,1,JB,C:/Users/gerardoamc/Downloads/Data Collection/0 degree orientation/0_4_3200_100_25_02_03_1200/2_100_25_02_03_1200_0_JB.csv
0,0.2,0.3,1200,227.69,0.48,671.84,2297.63,36.98,2,2,JB,C:/Users/gerardoamc/Downloads/Data Collection/0 degree orientation/0_4_3200_100_25_02_03_1200/2_100_25_02_03_1200_0_JB.csv
0,0.2,0.3,1200,227.58,0.48,784.67,2320.88,38.13,2,3,JB,C:/Users/gerardoamc/Downloads/Data Collection/0 degree orientation/0_4_3200_100_25_02_03_1200/2_100_25_02_03_1200_0_JB.csv
0,0.2,0.3,1200,227.53,0.48,759.83,2314.32,38.68,2,4,JB,C:/Users/gerardoamc/Downloads/Data Collection/0 degree orientation/0_4_3200_100_25_02_03_1200/2_100_25_02_03_1200_0_JB.csv
0,0.2,0.3,2400,226.83,0.94,966.30,2502.66,37.40,1,1,M,C:/Users/gerardoamc/Downloads/Data Collection/0 degree orientation/0_4_3200_100_25_02_03_2400/1_100_25_02_03_2400_0_M.csv
0,0.2,0.3,2400,226.83,0.95,870.20,2225.37,36.98,1,2,M,C:/Users/gerardoamc/Downloads/Data Collection/0 degree orientation/0_4_3200_100_25_02_03_2400/1_100_25_02_03_2400_0_M.csv
0,0.2,0.3,2400,226.82,0.95,862.89,2418.95,37.46,1,3,M,C:/Users/gerardoamc/Downloads/Data Collection/0 degree orientation/0_4_3200_100_25_02_03_2400/1_100_25_02_03_2400_0_M.csv
0,0.2,0.3,2400,226.86,0.94,853.42,3276.90,37.85,1,4,M,C:/Users/gerardoamc/Downloads/Data Collection/0 degree orientation/0_4_3200_100_25_02_03_2400/1_100_25_02_03_2400_0_M.csv
0,0.2,0.3,2400,227.54,0.93,1018.15,2732.83,38.04,2,1,JB,C:/Users/gerardoamc/Downloads/Data Collection/0 degree orientation/0_4_3200_100_25_02_03_2400/2_100_25_02_03_2400_0_JB.csv
0,0.2,0.3,2400,227.51,0.94,1059.99,2315.76,38.72,2,2,JB,C:/Users/gerardoamc/Downloads/Data Collection/0 degree orientation/0_4_3200_100_25_02_03_2400/2_100_25_02_03_2400_0_JB.csv
0,0.2,0.3,2400,227.54,0.93,998.14,2121.55,38.90,2,3,JB,C:/Users/gerardoamc/Downloads/Data Collection/0 degree orientation/0_4_3200_100_25_02_03_2400/2_100_25_02_03_2400_0_JB.csv
0,0.2,0.3,2400,227.51,0.94,1026.16,2348.52,37.77,2,4,JB,C:/Users/gerardoamc/Downloads/Data Collection/0 degree orientation/0_4_3200_100_25_02_03_2400/2_100_25_02_03_2400_0_JB.csv
0,0.2,0.3,2400,227.68,0.94,1018.15,2703.41,36.45,3,1,JB,C:/Users/gerardoamc/Downloads/Data Collection/0 degree orientation/0_4_3200_100_25_02_03_2400/3_100_25_02_03_2400_0_JB.csv
0,0.2,0.3,2400,227.58,0.94,1260.57,2603.12,38.92,3,2,JB,C:/Users/gerardoamc/Downloads/Data Collection/0 degree orientation/0_4_3200_100_25_02_03_2400/3_100_25_02_03_2400_0_JB.csv
0,0.2,0.3,2400,227.5,0.94,1116.41,2759.29,38.78,3,3,JB,C:/Users/gerardoamc/Downloads/Data Collection/0 degree orientation/0_4_3200_100_25_02_03_2400/3_100_25_02_03_2400_0_JB.csv
0,0.2,0.3,2400,227.52,0.94,1167.45,3057.51,38.84,3,4,JB,C:/Users/gerardoamc/Downloads/Data Collection/0 degree orientation/0_4_3200_100_25_02_03_2400/3_100_25_02_03_2400_0_JB.csv
0,0.2,0.3,3600,226.75,1.34,1117.77,2641.06,35.93,1,1,M,C:/Users/gerardoamc/Downloads/Data Collection/0 degree orientation/0_4_3200_100_25_02_03_3600/1_100_25_02_03_3600_0_M.csv
0,0.2,0.3,3600,226.83,1.37,1078.62,2536.73,37.88,1,2,M,C:/Users/gerardoamc/Downloads/Data Collection/0 degree orientation/0_4_3200_100_25_02_03_3600/1_100_25_02_03_3600_0_M.csv
0,0.2,0.3,3600,226.77,1.37,1113.29,2144.84,37.66,1,3,M,C:/Users/gerardoamc/Downloads/Data Collection/0 degree orientation/0_4_3200_100_25_02_03_3600/1_100_25_02_03_3600_0_M.csv
0,0.2,0.3,3600,226.82,1.37,1106.55,1907.01,38.42,1,4,M,C:/Users/gerardoamc/Downloads/Data Collection/0 degree orientation/0_4_3200_100_25_02_03_3600/1_100_25_02_03_3600_0_M.csv
0,0.2,0.3,3600,227.55,1.38,1740.92,3038.25,37.56,2,1,JB,C:/Users/gerardoamc/Downloads/Data Collection/0 degree orientation/0_4_3200_100_25_02_03_3600/2_25_100_02_03_3600_0_JB.csv
0,0.2,0.3,3600,227.49,1.37,1366.14,2458.18,39.47,2,2,JB,C:/Users/gerardoamc/Downloads/Data Collection/0 degree orientation/0_4_3200_100_25_02_03_3600/2_25_100_02_03_3600_0_JB.csv
0,0.2,0.3,3600,227.52,1.37,1270.16,2189.55,38.06,2,3,JB,C:/Users/gerardoamc/Downloads/Data Collection/0 degree orientation/0_4_3200_100_25_02_03_3600/2_25_100_02_03_3600_0_JB.csv
0,0.2,0.3,3600,227.39,1.37,1389.11,2337.33,38.98,2,4,JB,C:/Users/gerardoamc/Downloads/Data Collection/0 degree orientation/0_4_3200_100_25_02_03_3600/2_25_100_02_03_3600_0_JB.csv
0,0.2,0.4,1200,232.54,0.67,470.88,2814.21,36.85,1,1,S,C:/Users/gerardoamc/Downloads/Data Collection/0 degree orientation/0_4_3200_100_25_02_04_1200/1_100_25_02_04_1200_0_S.csv
0,0.2,0.4,1200,232.93,0.68,368.59,2383.22,37.66,1,2,S,C:/Users/gerardoamc/Downloads/Data Collection/0 degree orientation/0_4_3200_100_25_02_04_1200/1_100_25_02_04_1200_0_S.csv
0,0.2,0.4,1200,233.13,0.67,240.48,3149.76,37.91,1,3,S,C:/Users/gerardoamc/Downloads/Data Collection/0 degree orientation/0_4_3200_100_25_02_04_1200/1_100_25_02_04_1200_0_S.csv
0,0.2,0.4,1200,232.8,0.67,263.50,2020.67,36.53,1,4,S,C:/Users/gerardoamc/Downloads/Data Collection/0 degree orientation/0_4_3200_100_25_02_04_1200/1_100_25_02_04_1200_0_S.csv
0,0.2,0.4,1200,232.54,0.67,461.99,3943.20,36.68,2,1,S,C:/Users/gerardoamc/Downloads/Data Collection/0 degree orientation/0_4_3200_100_25_02_04_1200/2_100_25_02_04_1200_0_S.csv
0,0.2,0.4,1200,232.94,0.67,317.61,2529.10,38.10,2,2,S,C:/Users/gerardoamc/Downloads/Data Collection/0 degree orientation/0_4_3200_100_25_02_04_1200/2_100_25_02_04_1200_0_S.csv
0,0.2,0.4,1200,233.2,0.67,196.85,2243.16,38.20,2,3,S,C:/Users/gerardoamc/Downloads/Data Collection/0 degree orientation/0_4_3200_100_25_02_04_1200/2_100_25_02_04_1200_0_S.csv
0,0.2,0.4,1200,232.56,0.67,232.86,2726.19,37.42,2,4,S,C:/Users/gerardoamc/Downloads/Data Collection/0 degree orientation/0_4_3200_100_25_02_04_1200/2_100_25_02_04_1200_0_S.csv
0,0.2,0.4,2400,232.77,1.33,792.66,2868.99,36.20,1,1,S,C:/Users/gerardoamc/Downloads/Data Collection/0 degree orientation/0_4_3200_100_25_02_04_2400/1_100_25_02_04_2400_0_S.csv
0,0.2,0.4,2400,232.97,1.33,611.52,2574.24,38.40,1,2,S,C:/Users/gerardoamc/Downloads/Data Collection/0 degree orientation/0_4_3200_100_25_02_04_2400/1_100_25_02_04_2400_0_S.csv
0,0.2,0.4,2400,233.21,1.33,516.86,2113.52,38.64,1,3,S,C:/Users/gerardoamc/Downloads/Data Collection/0 degree orientation/0_4_3200_100_25_02_04_2400/1_100_25_02_04_2400_0_S.csv
0,0.2,0.4,2400,233.27,1.34,554.91,2120.71,39.13,1,4,S,C:/Users/gerardoamc/Downloads/Data Collection/0 degree orientation/0_4_3200_100_25_02_04_2400/1_100_25_02_04_2400_0_S.csv
0,0.2,0.4,2400,232.62,1.32,731.45,2401.81,36.39,2,1,S,C:/Users/gerardoamc/Downloads/Data Collection/0 degree orientation/0_4_3200_100_25_02_04_2400/2_100_25_02_04_2400_0_S.csv
0,0.2,0.4,2400,232.98,1.33,612.58,2399.17,36.51,2,2,S,C:/Users/gerardoamc/Downloads/Data Collection/0 degree orientation/0_4_3200_100_25_02_04_2400/2_100_25_02_04_2400_0_S.csv
0,0.2,0.4,2400,233.24,1.32,492.03,2454.73,38.80,2,3,S,C:/Users/gerardoamc/Downloads/Data Collection/0 degree orientation/0_4_3200_100_25_02_04_2400/2_100_25_02_04_2400_0_S.csv
0,0.2,0.4,2400,233.09,1.33,525.80,2243.51,38.94,2,4,S,C:/Users/gerardoamc/Downloads/Data Collection/0 degree orientation/0_4_3200_100_25_02_04_2400/2_100_25_02_04_2400_0_S.csv
0,0.2,0.4,3600,232.66,1.94,823.71,2055.50,36.35,1,1,S,C:/Users/gerardoamc/Downloads/Data Collection/0 degree orientation/0_4_3200_100_25_02_04_3600/1_100_25_02_04_3600_0_S.csv
0,0.2,0.4,3600,233.02,1.94,732.50,2520.43,38.22,1,2,S,C:/Users/gerardoamc/Downloads/Data Collection/0 degree orientation/0_4_3200_100_25_02_04_3600/1_100_25_02_04_3600_0_S.csv
0,0.2,0.4,3600,233.37,1.95,559.17,2265.12,38.65,1,3,S,C:/Users/gerardoamc/Downloads/Data Collection/0 degree orientation/0_4_3200_100_25_02_04_3600/1_100_25_02_04_3600_0_S.csv
0,0.2,0.4,3600,233.3,1.95,566.85,2360.27,38.48,1,4,S,C:/Users/gerardoamc/Downloads/Data Collection/0 degree orientation/0_4_3200_100_25_02_04_3600/1_100_25_02_04_3600_0_S.csv
0,0.2,0.4,3600,232.66,1.94,823.71,1861.99,38.69,2,1,,C:/Users/gerardoamc/Downloads/Data Collection/0 degree orientation/0_4_3200_100_25_02_04_3600/2_100_25_02_04_3600_0_S_reverse.csv
0,0.2,0.4,3600,233.02,1.94,732.50,3098.70,38.08,2,2,,C:/Users/gerardoamc/Downloads/Data Collection/0 degree orientation/0_4_3200_100_25_02_04_3600/2_100_25_02_04_3600_0_S_reverse.csv
0,0.2,0.4,3600,233.37,1.95,559.17,2371.45,37.42,2,3,,C:/Users/gerardoamc/Downloads/Data Collection/0 degree orientation/0_4_3200_100_25_02_04_3600/2_100_25_02_04_3600_0_S_reverse.csv
0,0.2,0.4,3600,233.3,1.95,566.85,2246.99,37.41,2,4,,C:/Users/gerardoamc/Downloads/Data Collection/0 degree orientation/0_4_3200_100_25_02_04_3600/2_100_25_02_04_3600_0_S_reverse.csv
0,0.2,0.8,1200,227.22,1.28,436.07,2304.51,37.48,1,1,J,C:/Users/gerardoamc/Downloads/Data Collection/0 degree orientation/0_4_3200_100_25_02_08_1200/1_100_25_02_08_1200_0_J.csv
0,0.2,0.8,1200,227.2,1.28,464.43,2435.23,37.56,1,2,J,C:/Users/gerardoamc/Downloads/Data Collection/0 degree orientation/0_4_3200_100_25_02_08_1200/1_100_25_02_08_1200_0_J.csv
0,0.2,0.8,1200,227.17,1.27,478.29,2825.60,37.92,1,3,J,C:/Users/gerardoamc/Downloads/Data Collection/0 degree orientation/0_4_3200_100_25_02_08_1200/1_100_25_02_08_1200_0_J.csv
0,0.2,0.8,1200,226.93,1.28,483.35,2900.80,37.76,1,4,J,C:/Users/gerardoamc/Downloads/Data Collection/0 degree orientation/0_4_3200_100_25_02_08_1200/1_100_25_02_08_1200_0_J.csv
0,0.2,0.8,1200,227.23,1.28,328.97,2794.13,37.28,2,1,J,C:/Users/gerardoamc/Downloads/Data Collection/0 degree orientation/0_4_3200_100_25_02_08_1200/2_100_25_02_08_1200_0_J.csv
0,0.2,0.8,1200,227.17,1.26,360.87,2384.79,37.46,2,2,J,C:/Users/gerardoamc/Downloads/Data Collection/0 degree orientation/0_4_3200_100_25_02_08_1200/2_100_25_02_08_1200_0_J.csv
0,0.2,0.8,1200,227.2,1.28,337.06,2125.93,37.54,2,3,J,C:/Users/gerardoamc/Downloads/Data Collection/0 degree orientation/0_4_3200_100_25_02_08_1200/2_100_25_02_08_1200_0_J.csv
0,0.2,0.8,1200,227.01,1.28,346.36,2210.43,37.56,2,4,J,C:/Users/gerardoamc/Downloads/Data Collection/0 degree orientation/0_4_3200_100_25_02_08_1200/2_100_25_02_08_1200_0_J.csv
0,0.2,0.8,2400,226.76,2.48,308.61,2218.22,36.76,1,1,J,C:/Users/gerardoamc/Downloads/Data Collection/0 degree orientation/0_4_3200_100_25_02_08_2400/1_100_25_02_08_2400_0_J.csv
0,0.2,0.8,2400,226.8,2.47,310.70,2118.55,36.76,1,2,J,C:/Users/gerardoamc/Downloads/Data Collection/0 degree orientation/0_4_3200_100_25_02_08_2400/1_100_25_02_08_2400_0_J.csv
0,0.2,0.8,2400,226.82,2.48,329.36,2274.42,32.93,1,3,J,C:/Users/gerardoamc/Downloads/Data Collection/0 degree orientation/0_4_3200_100_25_02_08_2400/1_100_25_02_08_2400_0_J.csv
0,0.2,0.8,2400,226.74,2.41,316.22,3283.59,34.14,1,4,J,C:/Users/gerardoamc/Downloads/Data Collection/0 degree orientation/0_4_3200_100_25_02_08_2400/1_100_25_02_08_2400_0_J.csv
0,0.2,0.8,2400,226.93,2.52,419.70,2274.42,32.93,2,1,J,C:/Users/gerardoamc/Downloads/Data Collection/0 degree orientation/0_4_3200_100_25_02_08_2400/2_100_25_02_08_2400_0_J.csv
0,0.2,0.8,2400,226.91,2.52,507.03,2294.31,35.76,2,2,J,C:/Users/gerardoamc/Downloads/Data Collection/0 degree orientation/0_4_3200_100_25_02_08_2400/2_100_25_02_08_2400_0_J.csv
0,0.2,0.8,2400,226.92,2.51,465.52,1798.70,37.92,2,3,J,C:/Users/gerardoamc/Downloads/Data Collection/0 degree orientation/0_4_3200_100_25_02_08_2400/2_100_25_02_08_2400_0_J.csv
0,0.2,0.8,2400,226.81,2.43,464.08,1933.14,36.42,2,4,J,C:/Users/gerardoamc/Downloads/Data Collection/0 degree orientation/0_4_3200_100_25_02_08_2400/2_100_25_02_08_2400_0_J.csv
0,0.2,0.8,3600,226.83,3.60,653.07,2539.15,38.23,1,1,,C:/Users/gerardoamc/Downloads/Data Collection/0 degree orientation/0_4_3200_100_25_02_08_3600/1_100_25_02_08_3600_0_M_x3.csv
0,0.2,0.8,3600,226.81,3.60,654.21,2406.88,39.68,1,2,,C:/Users/gerardoamc/Downloads/Data Collection/0 degree orientation/0_4_3200_100_25_02_08_3600/1_100_25_02_08_3600_0_M_x3.csv
0,0.2,0.8,3600,226.81,3.51,761.57,1967.78,35.92,1,3,,C:/Users/gerardoamc/Downloads/Data Collection/0 degree orientation/0_4_3200_100_25_02_08_3600/1_100_25_02_08_3600_0_M_x3.csv
0,0.2,0.8,3600,226.95,3.57,689.62,2304.60,40.18,1,4,,C:/Users/gerardoamc/Downloads/Data Collection/0 degree orientation/0_4_3200_100_25_02_08_3600/1_100_25_02_08_3600_0_M_x3.csv
0,0.2,0.8,3600,226.82,3.64,944.80,2891.17,38.96,2,1,M,C:/Users/gerardoamc/Downloads/Data Collection/0 degree orientation/0_4_3200_100_25_02_08_3600/2_100_25_02_08_3600_0_M.csv
0,0.2,0.8,3600,226.96,3.66,643.32,2123.81,40.96,2,2,M,C:/Users/gerardoamc/Downloads/Data Collection/0 degree orientation/0_4_3200_100_25_02_08_3600/2_100_25_02_08_3600_0_M.csv
0,0.2,0.8,3600,226.83,3.64,779.92,2054.22,40.22,2,3,M,C:/Users/gerardoamc/Downloads/Data Collection/0 degree orientation/0_4_3200_100_25_02_08_3600/2_100_25_02_08_3600_0_M.csv
0,0.2,0.8,3600,226.77,3.57,839.52,2590.19,39.16,2,4,M,C:/Users/gerardoamc/Downloads/Data Collection/0 degree orientation/0_4_3200_100_25_02_08_3600/2_100_25_02_08_3600_0_M.csv
0,0.2,0.8,3600,234.25,3.64,1242.13,2126.44,39.09,1,1,S,C:/Users/gerardoamc/Downloads/Data Collection/0 degree orientation/0_4_3200_100_25_02_08_3600_S/1_100_25_02_08_3600_0_S.csv
0,0.2,0.8,3600,234.49,3.66,961.82,2136.89,39.00,1,2,S,C:/Users/gerardoamc/Downloads/Data Collection/0 degree orientation/0_4_3200_100_25_02_08_3600_S/1_100_25_02_08_3600_0_S.csv
0,0.2,0.8,3600,234.59,3.67,760.28,2354.78,39.73,1,3,S,C:/Users/gerardoamc/Downloads/Data Collection/0 degree orientation/0_4_3200_100_25_02_08_3600_S/1_100_25_02_08_3600_0_S.csv
0,0.2,0.8,3600,234.16,3.63,975.33,2431.15,39.73,1,4,S,C:/Users/gerardoamc/Downloads/Data Collection/0 degree orientation/0_4_3200_100_25_02_08_3600_S/1_100_25_02_08_3600_0_S.csv
0,0.2,0.8,3600,234.42,3.66,1355.33,2583.69,38.89,2,1,S,C:/Users/gerardoamc/Downloads/Data Collection/0 degree orientation/0_4_3200_100_25_02_08_3600_S/2_100_25_02_08_3600_0_S.csv
0,0.2,0.8,3600,234.66,3.67,1212.22,2107.90,40.24,2,2,S,C:/Users/gerardoamc/Downloads/Data Collection/0 degree orientation/0_4_3200_100_25_02_08_3600_S/2_100_25_02_08_3600_0_S.csv
0,0.2,0.8,3600,234.78,3.68,1193.56,2016.70,39.46,2,3,S,C:/Users/gerardoamc/Downloads/Data Collection/0 degree orientation/0_4_3200_100_25_02_08_3600_S/2_100_25_02_08_3600_0_S.csv
0,0.2,0.8,3600,234.42,3.65,1598.98,2281.42,38.15,2,4,S,C:/Users/gerardoamc/Downloads/Data Collection/0 degree orientation/0_4_3200_100_25_02_08_3600_S/2_100_25_02_08_3600_0_S.csv
0,0.4,0.3,1200,226.93,0.90,1178.44,2377.15,24.49,1,1,M,C:/Users/gerardoamc/Downloads/Data Collection/0 degree orientation/0_4_3200_100_25_04_03_1200/1_100_25_04_03_1200_0_M.csv
0,0.4,0.3,1200,226.93,0.88,1115.14,2529.35,28.47,1,2,M,C:/Users/gerardoamc/Downloads/Data Collection/0 degree orientation/0_4_3200_100_25_04_03_1200/1_100_25_04_03_1200_0_M.csv
0,0.4,0.3,1200,226.9,0.88,1148.28,1881.35,28.50,1,3,M,C:/Users/gerardoamc/Downloads/Data Collection/0 degree orientation/0_4_3200_100_25_04_03_1200/1_100_25_04_03_1200_0_M.csv
0,0.4,0.3,1200,226.74,0.88,1150.83,1838.54,27.96,1,4,M,C:/Users/gerardoamc/Downloads/Data Collection/0 degree orientation/0_4_3200_100_25_04_03_1200/1_100_25_04_03_1200_0_M.csv
0,0.4,0.3,1200,226.93,0.89,1079.52,2235.82,25.70,2,1,M,C:/Users/gerardoamc/Downloads/Data Collection/0 degree orientation/0_4_3200_100_25_04_03_1200/2_100_25_04_03_1200_0_M.csv
0,0.4,0.3,1200,226.9,0.87,1024.20,2629.88,27.89,2,2,M,C:/Users/gerardoamc/Downloads/Data Collection/0 degree orientation/0_4_3200_100_25_04_03_1200/2_100_25_04_03_1200_0_M.csv
0,0.4,0.3,1200,226.86,0.89,1045.80,2559.74,26.42,2,3,M,C:/Users/gerardoamc/Downloads/Data Collection/0 degree orientation/0_4_3200_100_25_04_03_1200/2_100_25_04_03_1200_0_M.csv
0,0.4,0.3,1200,226.71,0.90,1097.72,2965.38,25.61,2,4,M,C:/Users/gerardoamc/Downloads/Data Collection/0 degree orientation/0_4_3200_100_25_04_03_1200/2_100_25_04_03_1200_0_M.csv
0,0.4,0.3,2400,227.45,1.83,1988.20,1794.45,26.65,2,1,JB,C:/Users/gerardoamc/Downloads/Data Collection/0 degree orientation/0_4_3200_100_25_04_03_2400/02_100_25_04_03_2400_0_JB.csv
0,0.4,0.3,2400,227.54,1.83,1708.92,1794.45,27.87,2,2,JB,C:/Users/gerardoamc/Downloads/Data Collection/0 degree orientation/0_4_3200_100_25_04_03_2400/02_100_25_04_03_2400_0_JB.csv
0,0.4,0.3,2400,227.54,1.82,1605.65,1671.38,26.79,2,3,JB,C:/Users/gerardoamc/Downloads/Data Collection/0 degree orientation/0_4_3200_100_25_04_03_2400/02_100_25_04_03_2400_0_JB.csv
0,0.4,0.3,2400,227.36,1.82,1786.37,1702.00,27.51,2,4,JB,C:/Users/gerardoamc/Downloads/Data Collection/0 degree orientation/0_4_3200_100_25_04_03_2400/02_100_25_04_03_2400_0_JB.csv
0,0.4,0.3,2400,226.81,1.51,1317.90,1671.38,29.06,1,1,M,C:/Users/gerardoamc/Downloads/Data Collection/0 degree orientation/0_4_3200_100_25_04_03_2400/1_100_25_04_03_2400_0_M.csv
0,0.4,0.3,2400,226.82,1.50,1279.57,1702.00,28.50,1,2,M,C:/Users/gerardoamc/Downloads/Data Collection/0 degree orientation/0_4_3200_100_25_04_03_2400/1_100_25_04_03_2400_0_M.csv
0,0.4,0.3,2400,226.8,1.58,1384.79,2225.51,30.12,1,3,M,C:/Users/gerardoamc/Downloads/Data Collection/0 degree orientation/0_4_3200_100_25_04_03_2400/1_100_25_04_03_2400_0_M.csv
0,0.4,0.3,2400,226.69,1.58,1373.20,1794.45,29.38,1,4,M,C:/Users/gerardoamc/Downloads/Data Collection/0 degree orientation/0_4_3200_100_25_04_03_2400/1_100_25_04_03_2400_0_M.csv
0,0.4,0.3,3600,227.5,2.29,2576.46,2218.69,30.75,1,1,JB,C:/Users/gerardoamc/Downloads/Data Collection/0 degree orientation/0_4_3200_100_25_04_03_3600/1_100_25_04_03_3600_0_JB.csv
0,0.4,0.3,3600,227.63,2.36,2145.07,2752.55,31.07,1,2,JB,C:/Users/gerardoamc/Downloads/Data Collection/0 degree orientation/0_4_3200_100_25_04_03_3600/1_100_25_04_03_3600_0_JB.csv
0,0.4,0.3,3600,227.49,2.40,2048.30,2749.67,31.22,1,3,JB,C:/Users/gerardoamc/Downloads/Data Collection/0 degree orientation/0_4_3200_100_25_04_03_3600/1_100_25_04_03_3600_0_JB.csv
0,0.4,0.3,3600,227.55,2.52,2265.51,1791.75,30.57,1,4,JB,C:/Users/gerardoamc/Downloads/Data Collection/0 degree orientation/0_4_3200_100_25_04_03_3600/1_100_25_04_03_3600_0_JB.csv
0,0.4,0.3,3600,227.6,2.47,2506.33,2983.57,28.83,2,1,JB,C:/Users/gerardoamc/Downloads/Data Collection/0 degree orientation/0_4_3200_100_25_04_03_3600/2_100_25_04_03_3600_0_JB.csv
0,0.4,0.3,3600,227.4,2.54,2102.03,2178.02,30.64,2,2,JB,C:/Users/gerardoamc/Downloads/Data Collection/0 degree orientation/0_4_3200_100_25_04_03_3600/2_100_25_04_03_3600_0_JB.csv
0,0.4,0.3,3600,227.47,2.53,1947.98,1977.07,30.88,2,3,JB,C:/Users/gerardoamc/Downloads/Data Collection/0 degree orientation/0_4_3200_100_25_04_03_3600/2_100_25_04_03_3600_0_JB.csv
0,0.4,0.3,3600,227.4,2.48,2165.72,2413.24,31.15,2,4,JB,C:/Users/gerardoamc/Downloads/Data Collection/0 degree orientation/0_4_3200_100_25_04_03_3600/2_100_25_04_03_3600_0_JB.csv
0,0.4,0.4,1200,233.35,1.33,678.66,3763.52,29.87,1,1,S,C:/Users/gerardoamc/Downloads/Data Collection/0 degree orientation/0_4_3200_100_25_04_04_1200/1_100_25_04_04_1200_0_S.csv
0,0.4,0.4,1200,233.54,1.33,538.00,2580.85,31.84,1,2,S,C:/Users/gerardoamc/Downloads/Data Collection/0 degree orientation/0_4_3200_100_25_04_04_1200/1_100_25_04_04_1200_0_S.csv
0,0.4,0.4,1200,233.82,1.33,479.78,2413.84,32.78,1,3,S,C:/Users/gerardoamc/Downloads/Data Collection/0 degree orientation/0_4_3200_100_25_04_04_1200/1_100_25_04_04_1200_0_S.csv
0,0.4,0.4,1200,233.12,1.33,489.49,2065.88,33.04,1,4,S,C:/Users/gerardoamc/Downloads/Data Collection/0 degree orientation/0_4_3200_100_25_04_04_1200/1_100_25_04_04_1200_0_S.csv
0,0.4,0.4,1200,234.41,1.33,659.48,4103.72,27.91,2,1,S,C:/Users/gerardoamc/Downloads/Data Collection/0 degree orientation/0_4_3200_100_25_04_04_1200/2_100_25_04_04_1200_0_S.csv
0,0.4,0.4,1200,234.75,1.33,519.86,3396.46,28.03,2,2,S,C:/Users/gerardoamc/Downloads/Data Collection/0 degree orientation/0_4_3200_100_25_04_04_1200/2_100_25_04_04_1200_0_S.csv
0,0.4,0.4,1200,235.04,1.33,424.35,3222.51,31.75,2,3,S,C:/Users/gerardoamc/Downloads/Data Collection/0 degree orientation/0_4_3200_100_25_04_04_1200/2_100_25_04_04_1200_0_S.csv
0,0.4,0.4,1200,234.39,1.32,458.91,2106.89,28.36,2,4,S,C:/Users/gerardoamc/Downloads/Data Collection/0 degree orientation/0_4_3200_100_25_04_04_1200/2_100_25_04_04_1200_0_S.csv
0,0.4,0.4,2400,234.42,2.61,1060.27,2001.10,32.79,1,1,S,C:/Users/gerardoamc/Downloads/Data Collection/0 degree orientation/0_4_3200_100_25_04_04_2400/1_100_25_04_04_2400_0_S.csv
0,0.4,0.4,2400,234.81,2.60,910.08,2129.15,33.28,1,2,S,C:/Users/gerardoamc/Downloads/Data Collection/0 degree orientation/0_4_3200_100_25_04_04_2400/1_100_25_04_04_2400_0_S.csv
0,0.4,0.4,2400,234.84,2.60,874.24,2942.34,34.58,1,3,S,C:/Users/gerardoamc/Downloads/Data Collection/0 degree orientation/0_4_3200_100_25_04_04_2400/1_100_25_04_04_2400_0_S.csv
0,0.4,0.4,2400,234.8,2.60,894.00,2490.85,34.54,1,4,S,C:/Users/gerardoamc/Downloads/Data Collection/0 degree orientation/0_4_3200_100_25_04_04_2400/1_100_25_04_04_2400_0_S.csv
0,0.4,0.4,2400,234.33,2.59,1150.39,2473.26,31.23,2,1,S,C:/Users/gerardoamc/Downloads/Data Collection/0 degree orientation/0_4_3200_100_25_04_04_2400/2_100_25_04_04_2400_0_S.csv
0,0.4,0.4,2400,234.51,2.60,982.64,2181.24,33.71,2,2,S,C:/Users/gerardoamc/Downloads/Data Collection/0 degree orientation/0_4_3200_100_25_04_04_2400/2_100_25_04_04_2400_0_S.csv
0,0.4,0.4,2400,234.84,2.60,867.95,2898.23,35.00,2,3,S,C:/Users/gerardoamc/Downloads/Data Collection/0 degree orientation/0_4_3200_100_25_04_04_2400/2_100_25_04_04_2400_0_S.csv
0,0.4,0.4,2400,234.92,2.53,930.74,1619.14,26.43,2,4,S,C:/Users/gerardoamc/Downloads/Data Collection/0 degree orientation/0_4_3200_100_25_04_04_2400/2_100_25_04_04_2400_0_S.csv
0,0.4,0.4,3600,234.39,3.79,1614.58,1930.26,34.02,1,1,S,C:/Users/gerardoamc/Downloads/Data Collection/0 degree orientation/0_4_3200_100_25_04_04_3600/1_100_25_04_04_3600_0_S.csv
0,0.4,0.4,3600,234.7,3.79,1429.82,2182.15,34.24,1,2,S,C:/Users/gerardoamc/Downloads/Data Collection/0 degree orientation/0_4_3200_100_25_04_04_3600/1_100_25_04_04_3600_0_S.csv
0,0.4,0.4,3600,235,3.77,1356.15,2247.97,34.55,1,3,S,C:/Users/gerardoamc/Downloads/Data Collection/0 degree orientation/0_4_3200_100_25_04_04_3600/1_100_25_04_04_3600_0_S.csv
0,0.4,0.4,3600,234.85,3.76,1390.55,1863.42,33.94,1,4,S,C:/Users/gerardoamc/Downloads/Data Collection/0 degree orientation/0_4_3200_100_25_04_04_3600/1_100_25_04_04_3600_0_S.csv
0,0.4,0.4,3600,234.53,3.75,1735.08,1930.02,33.25,2,1,S,C:/Users/gerardoamc/Downloads/Data Collection/0 degree orientation/0_4_3200_100_25_04_04_3600/2_100_25_04_04_3600_0_S.csv
0,0.4,0.4,3600,234.77,3.76,1450.40,2357.54,34.07,2,2,S,C:/Users/gerardoamc/Downloads/Data Collection/0 degree orientation/0_4_3200_100_25_04_04_3600/2_100_25_04_04_3600_0_S.csv
0,0.4,0.4,3600,234.76,3.77,1364.26,2277.39,34.64,2,3,S,C:/Users/gerardoamc/Downloads/Data Collection/0 degree orientation/0_4_3200_100_25_04_04_3600/2_100_25_04_04_3600_0_S.csv
0,0.4,0.4,3600,234.68,3.75,1348.77,2055.30,35.40,2,4,S,C:/Users/gerardoamc/Downloads/Data Collection/0 degree orientation/0_4_3200_100_25_04_04_3600/2_100_25_04_04_3600_0_S.csv
0,0.4,0.8,1200,227.17,2.57,299.45,2666.13,36.58,1,1,J,C:/Users/gerardoamc/Downloads/Data Collection/0 degree orientation/0_4_3200_100_25_04_08_1200/1_100_25_04_08_1200_0_J.csv
0,0.4,0.8,1200,227.12,2.57,280.99,2278.61,36.50,1,2,J,C:/Users/gerardoamc/Downloads/Data Collection/0 degree orientation/0_4_3200_100_25_04_08_1200/1_100_25_04_08_1200_0_J.csv
0,0.4,0.8,1200,227.11,2.56,242.21,2389.16,36.10,1,3,J,C:/Users/gerardoamc/Downloads/Data Collection/0 degree orientation/0_4_3200_100_25_04_08_1200/1_100_25_04_08_1200_0_J.csv
0,0.4,0.8,1200,226.69,2.56,282.12,2558.38,36.98,1,4,J,C:/Users/gerardoamc/Downloads/Data Collection/0 degree orientation/0_4_3200_100_25_04_08_1200/1_100_25_04_08_1200_0_J.csv
0,0.4,0.8,1200,227.19,2.59,315.94,2614.59,36.88,2,1,J,C:/Users/gerardoamc/Downloads/Data Collection/0 degree orientation/0_4_3200_100_25_04_08_1200/2_100_25_04_08_1200_0_J.csv
0,0.4,0.8,1200,227.11,2.57,269.73,2102.30,36.76,2,2,J,C:/Users/gerardoamc/Downloads/Data Collection/0 degree orientation/0_4_3200_100_25_04_08_1200/2_100_25_04_08_1200_0_J.csv
0,0.4,0.8,1200,227.16,2.56,263.24,2343.35,36.90,2,3,J,C:/Users/gerardoamc/Downloads/Data Collection/0 degree orientation/0_4_3200_100_25_04_08_1200/2_100_25_04_08_1200_0_J.csv
0,0.4,0.8,1200,226.7,2.56,235.50,2094.42,36.63,2,4,J,C:/Users/gerardoamc/Downloads/Data Collection/0 degree orientation/0_4_3200_100_25_04_08_1200/2_100_25_04_08_1200_0_J.csv
0,0.4,0.8,2400,227.04,4.91,1039.31,2138.05,39.28,1,1,J,C:/Users/gerardoamc/Downloads/Data Collection/0 degree orientation/0_4_3200_100_25_04_08_2400/1_100_25_04_08_2400_0_J.csv
0,0.4,0.8,2400,227.04,4.91,946.29,1916.32,40.61,1,2,J,C:/Users/gerardoamc/Downloads/Data Collection/0 degree orientation/0_4_3200_100_25_04_08_2400/1_100_25_04_08_2400_0_J.csv
0,0.4,0.8,2400,226.86,4.91,893.88,2438.43,39.42,1,3,J,C:/Users/gerardoamc/Downloads/Data Collection/0 degree orientation/0_4_3200_100_25_04_08_2400/1_100_25_04_08_2400_0_J.csv
0,0.4,0.8,2400,226.84,4.90,956.28,2093.60,40.41,1,4,J,C:/Users/gerardoamc/Downloads/Data Collection/0 degree orientation/0_4_3200_100_25_04_08_2400/1_100_25_04_08_2400_0_J.csv
0,0.4,0.8,2400,226.95,4.91,1143.49,2167.33,38.77,2,1,J,C:/Users/gerardoamc/Downloads/Data Collection/0 degree orientation/0_4_3200_100_25_04_08_2400/2_100_25_04_08_2400_0_J.csv
0,0.4,0.8,2400,227.01,4.92,1016.31,2235.63,40.08,2,2,J,C:/Users/gerardoamc/Downloads/Data Collection/0 degree orientation/0_4_3200_100_25_04_08_2400/2_100_25_04_08_2400_0_J.csv
0,0.4,0.8,2400,227.01,4.90,948.44,2468.60,39.32,2,3,J,C:/Users/gerardoamc/Downloads/Data Collection/0 degree orientation/0_4_3200_100_25_04_08_2400/2_100_25_04_08_2400_0_J.csv
0,0.4,0.8,2400,226.89,4.90,925.90,2509.44,40.49,2,4,J,C:/Users/gerardoamc/Downloads/Data Collection/0 degree orientation/0_4_3200_100_25_04_08_2400/2_100_25_04_08_2400_0_J.csv
0,0.4,0.8,2400,226.98,4.78,897.76,2081.85,37.33,3,1,J,C:/Users/gerardoamc/Downloads/Data Collection/0 degree orientation/0_4_3200_100_25_04_08_2400/3_100_25_04_08_2400_0_J.csv
0,0.4,0.8,2400,226.97,4.83,807.08,2400.34,37.88,3,2,J,C:/Users/gerardoamc/Downloads/Data Collection/0 degree orientation/0_4_3200_100_25_04_08_2400/3_100_25_04_08_2400_0_J.csv
0,0.4,0.8,2400,226.88,4.82,766.19,2317.70,37.56,3,3,J,C:/Users/gerardoamc/Downloads/Data Collection/0 degree orientation/0_4_3200_100_25_04_08_2400/3_100_25_04_08_2400_0_J.csv
0,0.4,0.8,2400,226.8,4.81,834.91,2106.23,38.15,3,4,J,C:/Users/gerardoamc/Downloads/Data Collection/0 degree orientation/0_4_3200_100_25_04_08_2400/3_100_25_04_08_2400_0_J.csv
0,0.4,0.8,3600,226.9,5.20,1331.26,1448.96,19.82,1,1,J,C:/Users/gerardoamc/Downloads/Data Collection/0 degree orientation/0_4_3200_100_25_04_08_3600/1_100_25_04_08_3600_0_J.csv
0,0.4,0.8,3600,228.09,5.01,1103.21,1392.25,16.65,1,2,J,C:/Users/gerardoamc/Downloads/Data Collection/0 degree orientation/0_4_3200_100_25_04_08_3600/1_100_25_04_08_3600_0_J.csv
0,0.4,0.8,3600,226.91,4.97,958.75,1345.52,17.04,1,3,J,C:/Users/gerardoamc/Downloads/Data Collection/0 degree orientation/0_4_3200_100_25_04_08_3600/1_100_25_04_08_3600_0_J.csv
0,0.4,0.8,3600,226.93,4.87,1045.94,1770.14,18.18,1,4,J,C:/Users/gerardoamc/Downloads/Data Collection/0 degree orientation/0_4_3200_100_25_04_08_3600/1_100_25_04_08_3600_0_J.csv
0,0.4,0.8,3600,226.88,5.05,1309.05,1311.47,18.65,2,1,J,C:/Users/gerardoamc/Downloads/Data Collection/0 degree orientation/0_4_3200_100_25_04_08_3600/2_100_25_04_08_3600_0_J.csv
0,0.4,0.8,3600,226.89,5.00,1015.81,1694.30,17.33,2,2,J,C:/Users/gerardoamc/Downloads/Data Collection/0 degree orientation/0_4_3200_100_25_04_08_3600/2_100_25_04_08_3600_0_J.csv
0,0.4,0.8,3600,226.95,5.00,1007.75,1297.87,17.67,2,3,J,C:/Users/gerardoamc/Downloads/Data Collection/0 degree orientation/0_4_3200_100_25_04_08_3600/2_100_25_04_08_3600_0_J.csv
0,0.4,0.8,3600,226.81,4.95,1053.91,1331.15,18.21,2,4,J,C:/Users/gerardoamc/Downloads/Data Collection/0 degree orientation/0_4_3200_100_25_04_08_3600/2_100_25_04_08_3600_0_J.csv
90,0.1,0.3,1200,227.04,0.25,853.31,2954.91,24.59,1,1,M,C:/Users/gerardoamc/Downloads/Data Collection/90 degree orientation/90_4_3200_100_25_01_03_1200/1_100_25_01_03_1200_90_M.csv
90,0.1,0.3,1200,226.64,0.22,951.84,2629.51,25.25,1,2,M,C:/Users/gerardoamc/Downloads/Data Collection/90 degree orientation/90_4_3200_100_25_01_03_1200/1_100_25_01_03_1200_90_M.csv
90,0.1,0.3,1200,226.94,0.24,693.26,2652.65,23.21,1,3,M,C:/Users/gerardoamc/Downloads/Data Collection/90 degree orientation/90_4_3200_100_25_01_03_1200/1_100_25_01_03_1200_90_M.csv
90,0.1,0.3,1200,226.93,0.24,599.62,1277.53,25.29,1,4,M,C:/Users/gerardoamc/Downloads/Data Collection/90 degree orientation/90_4_3200_100_25_01_03_1200/1_100_25_01_03_1200_90_M.csv
90,0.1,0.3,1200,227.69,0.24,572.51,2475.92,20.24,2,1,JB,C:/Users/gerardoamc/Downloads/Data Collection/90 degree orientation/90_4_3200_100_25_01_03_1200/2_25_100_01_03_1200_90_JB.csv
90,0.1,0.3,1200,227.65,0.24,655.07,2207.69,20.24,2,2,JB,C:/Users/gerardoamc/Downloads/Data Collection/90 degree orientation/90_4_3200_100_25_01_03_1200/2_25_100_01_03_1200_90_JB.csv
90,0.1,0.3,1200,227.63,0.24,801.09,1845.15,18.36,2,3,JB,C:/Users/gerardoamc/Downloads/Data Collection/90 degree orientation/90_4_3200_100_25_01_03_1200/2_25_100_01_03_1200_90_JB.csv
90,0.1,0.3,1200,227.65,0.24,494.64,2158.70,18.17,2,4,JB,C:/Users/gerardoamc/Downloads/Data Collection/90 degree orientation/90_4_3200_100_25_01_03_1200/2_25_100_01_03_1200_90_JB.csv
90,0.1,0.3,2400,226.89,0.46,540.33,2536.91,16.36,1,1,M,C:/Users/gerardoamc/Downloads/Data Collection/90 degree orientation/90_4_3200_100_25_01_03_2400/1_100_25_01_03_2400_90_M.csv
90,0.1,0.3,2400,226.86,0.46,520.16,2222.35,19.80,1,2,M,C:/Users/gerardoamc/Downloads/Data Collection/90 degree orientation/90_4_3200_100_25_01_03_2400/1_100_25_01_03_2400_90_M.csv
90,0.1,0.3,2400,226.86,0.46,570.77,2152.19,20.97,1,3,M,C:/Users/gerardoamc/Downloads/Data Collection/90 degree orientation/90_4_3200_100_25_01_03_2400/1_100_25_01_03_2400_90_M.csv
90,0.1,0.3,2400,226.89,0.46,546.69,2126.95,23.63,1,4,M,C:/Users/gerardoamc/Downloads/Data Collection/90 degree orientation/90_4_3200_100_25_01_03_2400/1_100_25_01_03_2400_90_M.csv
90,0.1,0.3,2400,227.62,0.45,619.83,2222.37,20.19,2,1,JB,C:/Users/gerardoamc/Downloads/Data Collection/90 degree orientation/90_4_3200_100_25_01_03_2400/2_100_25_01_03_2400_90_JB.csv
90,0.1,0.3,2400,227.63,0.45,787.76,2198.30,20.19,2,2,JB,C:/Users/gerardoamc/Downloads/Data Collection/90 degree orientation/90_4_3200_100_25_01_03_2400/2_100_25_01_03_2400_90_JB.csv
90,0.1,0.3,2400,227.6,0.45,734.90,2178.53,20.19,2,3,JB,C:/Users/gerardoamc/Downloads/Data Collection/90 degree orientation/90_4_3200_100_25_01_03_2400/2_100_25_01_03_2400_90_JB.csv
90,0.1,0.3,2400,227.66,0.45,638.19,2253.00,20.19,2,4,JB,C:/Users/gerardoamc/Downloads/Data Collection/90 degree orientation/90_4_3200_100_25_01_03_2400/2_100_25_01_03_2400_90_JB.csv
90,0.1,0.3,3600,226.84,0.64,841.35,2167.48,12.98,1,1,M,C:/Users/gerardoamc/Downloads/Data Collection/90 degree orientation/90_4_3200_100_25_01_03_3600/1_100_25_01_03_3600_90_M.csv
90,0.1,0.3,3600,226.84,0.64,810.72,2130.43,16.90,1,2,M,C:/Users/gerardoamc/Downloads/Data Collection/90 degree orientation/90_4_3200_100_25_01_03_3600/1_100_25_01_03_3600_90_M.csv
90,0.1,0.3,3600,226.82,0.64,844.03,1886.50,16.53,1,3,M,C:/Users/gerardoamc/Downloads/Data Collection/90 degree orientation/90_4_3200_100_25_01_03_3600/1_100_25_01_03_3600_90_M.csv
90,0.1,0.3,3600,226.82,0.64,850.75,2136.12,20.18,1,4,M,C:/Users/gerardoamc/Downloads/Data Collection/90 degree orientation/90_4_3200_100_25_01_03_3600/1_100_25_01_03_3600_90_M.csv
90,0.1,0.3,3600,227.57,0.63,962.19,2411.59,15.08,2,1,JB,C:/Users/gerardoamc/Downloads/Data Collection/90 degree orientation/90_4_3200_100_25_01_03_3600/2_25_100_01_03_3600_90_JB.csv
90,0.1,0.3,3600,227.57,0.64,875.63,2349.14,13.98,2,2,JB,C:/Users/gerardoamc/Downloads/Data Collection/90 degree orientation/90_4_3200_100_25_01_03_3600/2_25_100_01_03_3600_90_JB.csv
90,0.1,0.3,3600,227.57,0.64,812.04,2615.13,14.86,2,3,JB,C:/Users/gerardoamc/Downloads/Data Collection/90 degree orientation/90_4_3200_100_25_01_03_3600/2_25_100_01_03_3600_90_JB.csv
90,0.1,0.3,3600,227.58,0.64,773.83,2643.31,19.78,2,4,JB,C:/Users/gerardoamc/Downloads/Data Collection/90 degree orientation/90_4_3200_100_25_01_03_3600/2_25_100_01_03_3600_90_JB.csv
90,0.1,0.4,1200,234.22,0.33,549.50,2784.57,25.76,1,1,,C:/Users/gerardoamc/Downloads/Data Collection/90 degree orientation/90_4_3200_100_25_01_04_1200/1_100_25_01_04_1200_90.csv
90,0.1,0.4,1200,234.39,0.33,340.26,1733.66,27.35,1,2,,C:/Users/gerardoamc/Downloads/Data Collection/90 degree orientation/90_4_3200_100_25_01_04_1200/1_100_25_01_04_1200_90.csv
90,0.1,0.4,1200,234.63,0.33,157.38,2379.57,25.99,1,3,,C:/Users/gerardoamc/Downloads/Data Collection/90 degree orientation/90_4_3200_100_25_01_04_1200/1_100_25_01_04_1200_90.csv
90,0.1,0.4,1200,234.52,0.33,163.86,2446.03,25.89,1,4,,C:/Users/gerardoamc/Downloads/Data Collection/90 degree orientation/90_4_3200_100_25_01_04_1200/1_100_25_01_04_1200_90.csv
90,0.1,0.4,1200,234.22,0.33,663.65,2391.53,29.90,2,1,,C:/Users/gerardoamc/Downloads/Data Collection/90 degree orientation/90_4_3200_100_25_01_04_1200/2_100_25_01_04_1200_90.csv
90,0.1,0.4,1200,234.36,0.33,462.29,2541.16,28.40,2,2,,C:/Users/gerardoamc/Downloads/Data Collection/90 degree orientation/90_4_3200_100_25_01_04_1200/2_100_25_01_04_1200_90.csv
90,0.1,0.4,1200,234.62,0.33,236.20,2581.73,25.57,2,3,,C:/Users/gerardoamc/Downloads/Data Collection/90 degree orientation/90_4_3200_100_25_01_04_1200/2_100_25_01_04_1200_90.csv
90,0.1,0.4,1200,234.51,0.33,201.68,2398.12,24.06,2,4,,C:/Users/gerardoamc/Downloads/Data Collection/90 degree orientation/90_4_3200_100_25_01_04_1200/2_100_25_01_04_1200_90.csv
90,0.1,0.4,2400,234.11,0.52,533.59,2225.57,21.20,1,1,,C:/Users/gerardoamc/Downloads/Data Collection/90 degree orientation/90_4_3200_100_25_01_04_2400/1_100_25_01_04_2400_90.csv
90,0.1,0.4,2400,234.18,0.48,434.47,2229.27,21.55,1,2,,C:/Users/gerardoamc/Downloads/Data Collection/90 degree orientation/90_4_3200_100_25_01_04_2400/1_100_25_01_04_2400_90.csv
90,0.1,0.4,2400,234.21,0.40,331.44,2008.14,16.27,1,3,,C:/Users/gerardoamc/Downloads/Data Collection/90 degree orientation/90_4_3200_100_25_01_04_2400/1_100_25_01_04_2400_90.csv
90,0.1,0.4,2400,234.47,0.44,306.14,2218.99,12.10,1,4,,C:/Users/gerardoamc/Downloads/Data Collection/90 degree orientation/90_4_3200_100_25_01_04_2400/1_100_25_01_04_2400_90.csv
90,0.1,0.4,2400,234.21,0.40,449.39,2371.74,21.08,2,1,,C:/Users/gerardoamc/Downloads/Data Collection/90 degree orientation/90_4_3200_100_25_01_04_2400/2_100_25_01_04_2400_90.csv
90,0.1,0.4,2400,234.14,0.40,375.67,2188.04,22.34,2,2,,C:/Users/gerardoamc/Downloads/Data Collection/90 degree orientation/90_4_3200_100_25_01_04_2400/2_100_25_01_04_2400_90.csv
90,0.1,0.4,2400,234.07,0.52,362.83,2287.99,16.18,2,3,,C:/Users/gerardoamc/Downloads/Data Collection/90 degree orientation/90_4_3200_100_25_01_04_2400/2_100_25_01_04_2400_90.csv
90,0.1,0.4,2400,234.44,0.44,300.85,2444.95,19.28,2,4,,C:/Users/gerardoamc/Downloads/Data Collection/90 degree orientation/90_4_3200_100_25_01_04_2400/2_100_25_01_04_2400_90.csv
90,0.1,0.4,3600,232.61,0.90,550.95,2590.86,11.58,1,1,,C:/Users/gerardoamc/Downloads/Data Collection/90 degree orientation/90_4_3200_100_25_01_04_3600/1_100_25_01_04_3600_90.csv
90,0.1,0.4,3600,232.97,0.90,365.95,2317.91,18.06,1,2,,C:/Users/gerardoamc/Downloads/Data Collection/90 degree orientation/90_4_3200_100_25_01_04_3600/1_100_25_01_04_3600_90.csv
90,0.1,0.4,3600,233.04,0.90,276.59,3286.29,12.38,1,3,,C:/Users/gerardoamc/Downloads/Data Collection/90 degree orientation/90_4_3200_100_25_01_04_3600/1_100_25_01_04_3600_90.csv
90,0.1,0.4,3600,233.09,0.90,333.55,3677.93,12.22,1,4,,C:/Users/gerardoamc/Downloads/Data Collection/90 degree orientation/90_4_3200_100_25_01_04_3600/1_100_25_01_04_3600_90.csv
90,0.1,0.4,3600,230.41,0.89,426.30,2283.36,17.86,2,1,,C:/Users/gerardoamc/Downloads/Data Collection/90 degree orientation/90_4_3200_100_25_01_04_3600/2_100_25_01_04_3600_90.csv
90,0.1,0.4,3600,230.58,0.89,296.22,2258.44,21.61,2,2,,C:/Users/gerardoamc/Downloads/Data Collection/90 degree orientation/90_4_3200_100_25_01_04_3600/2_100_25_01_04_3600_90.csv
90,0.1,0.4,3600,230.72,0.89,236.02,2155.50,13.27,2,3,,C:/Users/gerardoamc/Downloads/Data Collection/90 degree orientation/90_4_3200_100_25_01_04_3600/2_100_25_01_04_3600_90.csv
90,0.1,0.4,3600,230.71,0.89,249.86,2156.60,9.85,2,4,,C:/Users/gerardoamc/Downloads/Data Collection/90 degree orientation/90_4_3200_100_25_01_04_3600/2_100_25_01_04_3600_90.csv
90,0.1,0.8,1200,227.32,0.62,115.03,2068.74,10.63,2,1,,C:/Users/gerardoamc/Downloads/Data Collection/90 degree orientation/90_4_3200_100_25_01_08_1200/02_100_25_01_08_1200_90.csv
90,0.1,0.8,1200,227.3,0.62,113.92,2102.66,9.76,2,2,,C:/Users/gerardoamc/Downloads/Data Collection/90 degree orientation/90_4_3200_100_25_01_08_1200/02_100_25_01_08_1200_90.csv
90,0.1,0.8,1200,227.23,0.62,113.65,2089.40,10.88,2,3,,C:/Users/gerardoamc/Downloads/Data Collection/90 degree orientation/90_4_3200_100_25_01_08_1200/02_100_25_01_08_1200_90.csv
90,0.1,0.8,1200,227.29,0.62,152.87,1883.97,11.37,2,4,,C:/Users/gerardoamc/Downloads/Data Collection/90 degree orientation/90_4_3200_100_25_01_08_1200/02_100_25_01_08_1200_90.csv
90,0.1,0.8,1200,227.31,0.62,162.75,2015.05,12.27,1,1,J,C:/Users/gerardoamc/Downloads/Data Collection/90 degree orientation/90_4_3200_100_25_01_08_1200/1_100_25_01_08_1200_90_J.csv
90,0.1,0.8,1200,227.27,0.62,193.41,2273.96,9.32,1,2,J,C:/Users/gerardoamc/Downloads/Data Collection/90 degree orientation/90_4_3200_100_25_01_08_1200/1_100_25_01_08_1200_90_J.csv
90,0.1,0.8,1200,227.19,0.61,212.11,1823.86,12.84,1,3,J,C:/Users/gerardoamc/Downloads/Data Collection/90 degree orientation/90_4_3200_100_25_01_08_1200/1_100_25_01_08_1200_90_J.csv
90,0.1,0.8,1200,227.21,0.62,159.24,1969.87,8.95,1,4,J,C:/Users/gerardoamc/Downloads/Data Collection/90 degree orientation/90_4_3200_100_25_01_08_1200/1_100_25_01_08_1200_90_J.csv
90,0.1,0.8,2400,227.25,1.16,175.93,1883.75,6.05,1,1,J,C:/Users/gerardoamc/Downloads/Data Collection/90 degree orientation/90_4_3200_100_25_01_08_2400/1_100_25_01_08_2400_90_J.csv
90,0.1,0.8,2400,227.23,1.15,202.70,1946.28,4.90,1,2,J,C:/Users/gerardoamc/Downloads/Data Collection/90 degree orientation/90_4_3200_100_25_01_08_2400/1_100_25_01_08_2400_90_J.csv
90,0.1,0.8,2400,227.15,1.15,182.79,2156.39,8.35,1,3,J,C:/Users/gerardoamc/Downloads/Data Collection/90 degree orientation/90_4_3200_100_25_01_08_2400/1_100_25_01_08_2400_90_J.csv
90,0.1,0.8,2400,227.19,1.16,202.47,1861.74,6.54,1,4,J,C:/Users/gerardoamc/Downloads/Data Collection/90 degree orientation/90_4_3200_100_25_01_08_2400/1_100_25_01_08_2400_90_J.csv
90,0.1,0.8,2400,227.7,1.17,451.56,1983.59,4.83,2,1,JB,C:/Users/gerardoamc/Downloads/Data Collection/90 degree orientation/90_4_3200_100_25_01_08_2400/2_100_25_01_08_2400_90_JB.csv
90,0.1,0.8,2400,227.57,1.16,439.75,2318.26,4.30,2,2,JB,C:/Users/gerardoamc/Downloads/Data Collection/90 degree orientation/90_4_3200_100_25_01_08_2400/2_100_25_01_08_2400_90_JB.csv
90,0.1,0.8,2400,227.61,1.17,375.79,1607.80,5.82,2,3,JB,C:/Users/gerardoamc/Downloads/Data Collection/90 degree orientation/90_4_3200_100_25_01_08_2400/2_100_25_01_08_2400_90_JB.csv
90,0.1,0.8,2400,227.54,1.17,403.80,1754.64,5.76,2,4,JB,C:/Users/gerardoamc/Downloads/Data Collection/90 degree orientation/90_4_3200_100_25_01_08_2400/2_100_25_01_08_2400_90_JB.csv
90,0.1,0.8,3600,227.25,1.61,263.62,2182.01,9.42,1,1,J,C:/Users/gerardoamc/Downloads/Data Collection/90 degree orientation/90_4_3200_100_25_01_08_3600/01_100_25_01_08_3600_90_J.csv
90,0.1,0.8,3600,227.19,1.60,303.89,1992.23,16.60,1,2,J,C:/Users/gerardoamc/Downloads/Data Collection/90 degree orientation/90_4_3200_100_25_01_08_3600/01_100_25_01_08_3600_90_J.csv
90,0.1,0.8,3600,227.16,1.60,252.28,2269.24,15.52,1,3,J,C:/Users/gerardoamc/Downloads/Data Collection/90 degree orientation/90_4_3200_100_25_01_08_3600/01_100_25_01_08_3600_90_J.csv
90,0.1,0.8,3600,227.19,1.59,255.86,2295.47,12.35,1,4,J,C:/Users/gerardoamc/Downloads/Data Collection/90 degree orientation/90_4_3200_100_25_01_08_3600/01_100_25_01_08_3600_90_J.csv
90,0.1,0.8,3600,227.26,1.60,255.98,2336.00,13.75,2,1,J,C:/Users/gerardoamc/Downloads/Data Collection/90 degree orientation/90_4_3200_100_25_01_08_3600/02_100_25_01_08_3600_90_J.csv
90,0.1,0.8,3600,227.24,1.60,262.62,2753.45,15.45,2,2,J,C:/Users/gerardoamc/Downloads/Data Collection/90 degree orientation/90_4_3200_100_25_01_08_3600/02_100_25_01_08_3600_90_J.csv
90,0.1,0.8,3600,227.15,1.59,237.85,2091.35,14.15,2,3,J,C:/Users/gerardoamc/Downloads/Data Collection/90 degree orientation/90_4_3200_100_25_01_08_3600/02_100_25_01_08_3600_90_J.csv
90,0.1,0.8,3600,227.15,1.59,244.35,2328.82,11.54,2,4,J,C:/Users/gerardoamc/Downloads/Data Collection/90 degree orientation/90_4_3200_100_25_01_08_3600/02_100_25_01_08_3600_90_J.csv
90,0.2,0.3,1200,226.97,0.48,942.35,2935.09,25.26,1,1,M,C:/Users/gerardoamc/Downloads/Data Collection/90 degree orientation/90_4_3200_100_25_02_03_1200/1_100_25_02_03_1200_90_M.csv
90,0.2,0.3,1200,226.97,0.48,900.14,2309.38,20.33,1,2,M,C:/Users/gerardoamc/Downloads/Data Collection/90 degree orientation/90_4_3200_100_25_02_03_1200/1_100_25_02_03_1200_90_M.csv
90,0.2,0.3,1200,226.96,0.48,813.24,2159.66,21.02,1,3,M,C:/Users/gerardoamc/Downloads/Data Collection/90 degree orientation/90_4_3200_100_25_02_03_1200/1_100_25_02_03_1200_90_M.csv
90,0.2,0.3,1200,226.99,0.48,767.54,1734.77,23.49,1,4,M,C:/Users/gerardoamc/Downloads/Data Collection/90 degree orientation/90_4_3200_100_25_02_03_1200/1_100_25_02_03_1200_90_M.csv
90,0.2,0.3,1200,227.76,0.48,715.70,2582.99,16.70,2,1,JB,C:/Users/gerardoamc/Downloads/Data Collection/90 degree orientation/90_4_3200_100_25_02_03_1200/2_25_100_02_03_1200_90_JB.csv
90,0.2,0.3,1200,227.75,0.48,694.69,2652.55,19.56,2,2,JB,C:/Users/gerardoamc/Downloads/Data Collection/90 degree orientation/90_4_3200_100_25_02_03_1200/2_25_100_02_03_1200_90_JB.csv
90,0.2,0.3,1200,227.76,0.48,781.47,1636.10,12.28,2,3,JB,C:/Users/gerardoamc/Downloads/Data Collection/90 degree orientation/90_4_3200_100_25_02_03_1200/2_25_100_02_03_1200_90_JB.csv
90,0.2,0.3,1200,227.64,0.48,810.68,2783.01,19.37,2,4,JB,C:/Users/gerardoamc/Downloads/Data Collection/90 degree orientation/90_4_3200_100_25_02_03_1200/2_25_100_02_03_1200_90_JB.csv
90,0.2,0.3,2400,226.86,0.92,930.51,1925.40,16.29,1,1,M,C:/Users/gerardoamc/Downloads/Data Collection/90 degree orientation/90_4_3200_100_25_02_03_2400/1_100_25_02_03_2400_90_M.csv
90,0.2,0.3,2400,226.84,0.91,947.29,2109.23,19.43,1,2,M,C:/Users/gerardoamc/Downloads/Data Collection/90 degree orientation/90_4_3200_100_25_02_03_2400/1_100_25_02_03_2400_90_M.csv
90,0.2,0.3,2400,226.82,0.91,938.59,1989.72,17.29,1,3,M,C:/Users/gerardoamc/Downloads/Data Collection/90 degree orientation/90_4_3200_100_25_02_03_2400/1_100_25_02_03_2400_90_M.csv
90,0.2,0.3,2400,226.82,0.91,942.15,2246.74,21.23,1,4,M,C:/Users/gerardoamc/Downloads/Data Collection/90 degree orientation/90_4_3200_100_25_02_03_2400/1_100_25_02_03_2400_90_M.csv
90,0.2,0.3,2400,227.64,0.91,1031.27,2921.98,18.87,2,1,JB,C:/Users/gerardoamc/Downloads/Data Collection/90 degree orientation/90_4_3200_100_25_02_03_2400/2_100_25_02_03_2400_90_JB.csv
90,0.2,0.3,2400,227.63,0.91,1088.51,3170.68,20.42,2,2,JB,C:/Users/gerardoamc/Downloads/Data Collection/90 degree orientation/90_4_3200_100_25_02_03_2400/2_100_25_02_03_2400_90_JB.csv
90,0.2,0.3,2400,227.6,0.90,1093.02,2631.43,18.55,2,3,JB,C:/Users/gerardoamc/Downloads/Data Collection/90 degree orientation/90_4_3200_100_25_02_03_2400/2_100_25_02_03_2400_90_JB.csv
90,0.2,0.3,2400,227.6,0.89,1013.33,2427.88,16.33,2,4,JB,C:/Users/gerardoamc/Downloads/Data Collection/90 degree orientation/90_4_3200_100_25_02_03_2400/2_100_25_02_03_2400_90_JB.csv
90,0.2,0.3,3600,226.74,1.26,1142.09,2370.18,15.59,1,1,M,C:/Users/gerardoamc/Downloads/Data Collection/90 degree orientation/90_4_3200_100_25_02_03_3600/1_100_25_02_03_3600_90_M.csv
90,0.2,0.3,3600,226.77,1.25,1131.72,2129.72,17.48,1,2,M,C:/Users/gerardoamc/Downloads/Data Collection/90 degree orientation/90_4_3200_100_25_02_03_3600/1_100_25_02_03_3600_90_M.csv
90,0.2,0.3,3600,226.71,1.26,1121.99,2185.67,18.79,1,3,M,C:/Users/gerardoamc/Downloads/Data Collection/90 degree orientation/90_4_3200_100_25_02_03_3600/1_100_25_02_03_3600_90_M.csv
90,0.2,0.3,3600,226.75,1.26,1104.05,2052.33,20.88,1,4,M,C:/Users/gerardoamc/Downloads/Data Collection/90 degree orientation/90_4_3200_100_25_02_03_3600/1_100_25_02_03_3600_90_M.csv
90,0.2,0.3,3600,226.75,1.27,1595.04,2201.35,23.62,2,1,JB,C:/Users/gerardoamc/Downloads/Data Collection/90 degree orientation/90_4_3200_100_25_02_03_3600/2_25_100_02_03_3600_90_JB.csv
90,0.2,0.3,3600,226.77,1.27,1472.32,1829.52,23.56,2,2,JB,C:/Users/gerardoamc/Downloads/Data Collection/90 degree orientation/90_4_3200_100_25_02_03_3600/2_25_100_02_03_3600_90_JB.csv
90,0.2,0.3,3600,226.71,1.27,1459.51,1754.27,15.59,2,3,JB,C:/Users/gerardoamc/Downloads/Data Collection/90 degree orientation/90_4_3200_100_25_02_03_3600/2_25_100_02_03_3600_90_JB.csv
90,0.2,0.3,3600,226.76,1.27,1461.02,2395.36,24.86,2,4,JB,C:/Users/gerardoamc/Downloads/Data Collection/90 degree orientation/90_4_3200_100_25_02_03_3600/2_25_100_02_03_3600_90_JB.csv
90,0.2,0.4,1200,234.35,0.57,385.69,3301.73,24.91,1,1,,C:/Users/gerardoamc/Downloads/Data Collection/90 degree orientation/90_4_3200_100_25_02_04_1200/1_100_25_02_04_1200_90.csv
90,0.2,0.4,1200,234.58,0.56,303.40,2068.18,27.53,1,2,,C:/Users/gerardoamc/Downloads/Data Collection/90 degree orientation/90_4_3200_100_25_02_04_1200/1_100_25_02_04_1200_90.csv
90,0.2,0.4,1200,234.82,0.56,190.79,3170.45,22.33,1,3,,C:/Users/gerardoamc/Downloads/Data Collection/90 degree orientation/90_4_3200_100_25_02_04_1200/1_100_25_02_04_1200_90.csv
90,0.2,0.4,1200,234.76,0.55,232.55,3870.07,22.31,1,4,,C:/Users/gerardoamc/Downloads/Data Collection/90 degree orientation/90_4_3200_100_25_02_04_1200/1_100_25_02_04_1200_90.csv
90,0.2,0.4,1200,234.19,0.52,425.56,4133.81,21.01,2,1,,C:/Users/gerardoamc/Downloads/Data Collection/90 degree orientation/90_4_3200_100_25_02_04_1200/2_100_25_02_04_1200_90.csv
90,0.2,0.4,1200,234.25,0.55,369.14,1704.34,22.76,2,2,,C:/Users/gerardoamc/Downloads/Data Collection/90 degree orientation/90_4_3200_100_25_02_04_1200/2_100_25_02_04_1200_90.csv
90,0.2,0.4,1200,234.46,0.56,316.54,2425.74,27.01,2,3,,C:/Users/gerardoamc/Downloads/Data Collection/90 degree orientation/90_4_3200_100_25_02_04_1200/2_100_25_02_04_1200_90.csv
90,0.2,0.4,1200,234.71,0.52,243.85,2404.34,25.90,2,4,,C:/Users/gerardoamc/Downloads/Data Collection/90 degree orientation/90_4_3200_100_25_02_04_1200/2_100_25_02_04_1200_90.csv
90,0.2,0.4,2400,234.12,1.25,1395.11,2154.55,27.92,1,1,,C:/Users/gerardoamc/Downloads/Data Collection/90 degree orientation/90_4_3200_100_25_02_04_2400/1_100_25_02_04_2400_90.csv
90,0.2,0.4,2400,234.46,1.25,1075.11,2148.60,26.23,1,2,,C:/Users/gerardoamc/Downloads/Data Collection/90 degree orientation/90_4_3200_100_25_02_04_2400/1_100_25_02_04_2400_90.csv
90,0.2,0.4,2400,234.74,1.26,787.93,2295.86,25.65,1,3,,C:/Users/gerardoamc/Downloads/Data Collection/90 degree orientation/90_4_3200_100_25_02_04_2400/1_100_25_02_04_2400_90.csv
90,0.2,0.4,2400,234.61,1.26,794.64,1992.47,22.48,1,4,,C:/Users/gerardoamc/Downloads/Data Collection/90 degree orientation/90_4_3200_100_25_02_04_2400/1_100_25_02_04_2400_90.csv
90,0.2,0.4,2400,234.19,1.25,1200.75,2659.28,26.54,2,1,,C:/Users/gerardoamc/Downloads/Data Collection/90 degree orientation/90_4_3200_100_25_02_04_2400/2_100_25_02_04_2400_90.csv
90,0.2,0.4,2400,234.37,1.25,981.58,2560.60,27.24,2,2,,C:/Users/gerardoamc/Downloads/Data Collection/90 degree orientation/90_4_3200_100_25_02_04_2400/2_100_25_02_04_2400_90.csv
90,0.2,0.4,2400,234.52,1.26,721.46,2763.82,24.93,2,3,,C:/Users/gerardoamc/Downloads/Data Collection/90 degree orientation/90_4_3200_100_25_02_04_2400/2_100_25_02_04_2400_90.csv
90,0.2,0.4,2400,234.44,1.25,702.72,2367.88,25.86,2,4,,C:/Users/gerardoamc/Downloads/Data Collection/90 degree orientation/90_4_3200_100_25_02_04_2400/2_100_25_02_04_2400_90.csv
90,0.2,0.4,3600,234,1.75,1229.23,2238.86,16.39,1,1,,C:/Users/gerardoamc/Downloads/Data Collection/90 degree orientation/90_4_3200_100_25_02_04_3600/1_100_25_02_04_3600_90.csv
90,0.2,0.4,3600,234.22,1.76,1010.25,2085.14,15.29,1,2,,C:/Users/gerardoamc/Downloads/Data Collection/90 degree orientation/90_4_3200_100_25_02_04_3600/1_100_25_02_04_3600_90.csv
90,0.2,0.4,3600,234.44,1.76,846.82,2256.53,12.55,1,3,,C:/Users/gerardoamc/Downloads/Data Collection/90 degree orientation/90_4_3200_100_25_02_04_3600/1_100_25_02_04_3600_90.csv
90,0.2,0.4,3600,234.38,1.77,836.78,3304.95,16.79,1,4,,C:/Users/gerardoamc/Downloads/Data Collection/90 degree orientation/90_4_3200_100_25_02_04_3600/1_100_25_02_04_3600_90.csv
90,0.2,0.4,3600,233.99,1.75,1534.05,2345.83,15.37,2,1,,C:/Users/gerardoamc/Downloads/Data Collection/90 degree orientation/90_4_3200_100_25_02_04_3600/2_100_25_02_04_3600_90.csv
90,0.2,0.4,3600,234.24,1.76,1155.43,2188.17,18.24,2,2,,C:/Users/gerardoamc/Downloads/Data Collection/90 degree orientation/90_4_3200_100_25_02_04_3600/2_100_25_02_04_3600_90.csv
90,0.2,0.4,3600,234.54,1.77,912.31,2001.32,12.97,2,3,,C:/Users/gerardoamc/Downloads/Data Collection/90 degree orientation/90_4_3200_100_25_02_04_3600/2_100_25_02_04_3600_90.csv
90,0.2,0.4,3600,234.47,1.76,941.54,2345.83,15.37,2,4,,C:/Users/gerardoamc/Downloads/Data Collection/90 degree orientation/90_4_3200_100_25_02_04_3600/2_100_25_02_04_3600_90.csv
90,0.2,0.8,1200,227.07,1.28,246.38,2054.74,3.89,1,1,,C:/Users/gerardoamc/Downloads/Data Collection/90 degree orientation/90_4_3200_100_25_02_08_1200/1_100_25_02_08_1200_90.csv
90,0.2,0.8,1200,227.03,1.27,206.73,1735.27,4.30,1,2,,C:/Users/gerardoamc/Downloads/Data Collection/90 degree orientation/90_4_3200_100_25_02_08_1200/1_100_25_02_08_1200_90.csv
90,0.2,0.8,1200,227.06,1.26,240.14,1800.77,4.00,1,3,,C:/Users/gerardoamc/Downloads/Data Collection/90 degree orientation/90_4_3200_100_25_02_08_1200/1_100_25_02_08_1200_90.csv
90,0.2,0.8,1200,227.07,1.27,196.89,1851.90,4.80,1,4,,C:/Users/gerardoamc/Downloads/Data Collection/90 degree orientation/90_4_3200_100_25_02_08_1200/1_100_25_02_08_1200_90.csv
90,0.2,0.8,1200,227.05,1.28,255.47,2154.18,4.85,2,1,,C:/Users/gerardoamc/Downloads/Data Collection/90 degree orientation/90_4_3200_100_25_02_08_1200/2_100_25_02_08_1200_90.csv
90,0.2,0.8,1200,227.03,1.27,234.27,1771.24,3.47,2,2,,C:/Users/gerardoamc/Downloads/Data Collection/90 degree orientation/90_4_3200_100_25_02_08_1200/2_100_25_02_08_1200_90.csv
90,0.2,0.8,1200,227.04,1.27,245.51,1601.89,2.99,2,3,,C:/Users/gerardoamc/Downloads/Data Collection/90 degree orientation/90_4_3200_100_25_02_08_1200/2_100_25_02_08_1200_90.csv
90,0.2,0.8,1200,226.98,1.27,252.91,1809.97,3.81,2,4,,C:/Users/gerardoamc/Downloads/Data Collection/90 degree orientation/90_4_3200_100_25_02_08_1200/2_100_25_02_08_1200_90.csv
90,0.2,0.8,1200,227.39,1.26,169.78,1877.17,6.06,1,1,J,C:/Users/gerardoamc/Downloads/Data Collection/90 degree orientation/90_4_3200_100_25_02_08_1200_J/1_100_25_02_08_1200_90_J.csv
90,0.2,0.8,1200,227.36,1.25,181.34,2276.98,8.82,1,2,J,C:/Users/gerardoamc/Downloads/Data Collection/90 degree orientation/90_4_3200_100_25_02_08_1200_J/1_100_25_02_08_1200_90_J.csv
90,0.2,0.8,1200,227.32,1.25,136.90,1667.36,6.21,1,3,J,C:/Users/gerardoamc/Downloads/Data Collection/90 degree orientation/90_4_3200_100_25_02_08_1200_J/1_100_25_02_08_1200_90_J.csv
90,0.2,0.8,1200,227.31,1.25,170.82,2003.46,5.37,1,4,J,C:/Users/gerardoamc/Downloads/Data Collection/90 degree orientation/90_4_3200_100_25_02_08_1200_J/1_100_25_02_08_1200_90_J.csv
90,0.2,0.8,1200,227.42,1.26,156.76,1916.47,5.96,2,1,J,C:/Users/gerardoamc/Downloads/Data Collection/90 degree orientation/90_4_3200_100_25_02_08_1200_J/2_100_25_02_08_1200_90_J.csv
90,0.2,0.8,1200,227.4,1.25,173.87,1970.47,6.27,2,2,J,C:/Users/gerardoamc/Downloads/Data Collection/90 degree orientation/90_4_3200_100_25_02_08_1200_J/2_100_25_02_08_1200_90_J.csv
90,0.2,0.8,1200,227.27,1.25,139.74,1783.73,7.33,2,3,J,C:/Users/gerardoamc/Downloads/Data Collection/90 degree orientation/90_4_3200_100_25_02_08_1200_J/2_100_25_02_08_1200_90_J.csv
90,0.2,0.8,1200,227.35,1.25,161.27,2033.99,7.72,2,4,J,C:/Users/gerardoamc/Downloads/Data Collection/90 degree orientation/90_4_3200_100_25_02_08_1200_J/2_100_25_02_08_1200_90_J.csv
90,0.2,0.8,2400,227.01,2.36,369.49,1604.40,6.55,1,1,,C:/Users/gerardoamc/Downloads/Data Collection/90 degree orientation/90_4_3200_100_25_02_08_2400/1_100_25_02_08_2400_90.csv
90,0.2,0.8,2400,226.96,2.34,367.39,1770.35,6.14,1,2,,C:/Users/gerardoamc/Downloads/Data Collection/90 degree orientation/90_4_3200_100_25_02_08_2400/1_100_25_02_08_2400_90.csv
90,0.2,0.8,2400,226.9,2.30,439.50,1758.17,6.88,1,3,,C:/Users/gerardoamc/Downloads/Data Collection/90 degree orientation/90_4_3200_100_25_02_08_2400/1_100_25_02_08_2400_90.csv
90,0.2,0.8,2400,226.96,2.29,418.84,2155.66,6.92,1,4,,C:/Users/gerardoamc/Downloads/Data Collection/90 degree orientation/90_4_3200_100_25_02_08_2400/1_100_25_02_08_2400_90.csv
90,0.2,0.8,2400,226.92,2.35,367.45,1816.09,6.59,2,1,,C:/Users/gerardoamc/Downloads/Data Collection/90 degree orientation/90_4_3200_100_25_02_08_2400/2_100_25_02_08_2400_90.csv
90,0.2,0.8,2400,226.97,2.35,326.77,1971.51,5.27,2,2,,C:/Users/gerardoamc/Downloads/Data Collection/90 degree orientation/90_4_3200_100_25_02_08_2400/2_100_25_02_08_2400_90.csv
90,0.2,0.8,2400,226.9,2.35,368.01,1843.81,6.02,2,3,,C:/Users/gerardoamc/Downloads/Data Collection/90 degree orientation/90_4_3200_100_25_02_08_2400/2_100_25_02_08_2400_90.csv
90,0.2,0.8,2400,226.87,2.33,338.67,2006.16,8.06,2,4,,C:/Users/gerardoamc/Downloads/Data Collection/90 degree orientation/90_4_3200_100_25_02_08_2400/2_100_25_02_08_2400_90.csv
90,0.2,0.8,3600,234.87,3.30,620.21,3119.38,8.55,1,1,S,C:/Users/gerardoamc/Downloads/Data Collection/90 degree orientation/90_4_3200_100_25_02_08_3600/1_100_25_02_08_3600_90_S.csv
90,0.2,0.8,3600,234.88,3.32,620.21,2473.77,7.48,1,2,S,C:/Users/gerardoamc/Downloads/Data Collection/90 degree orientation/90_4_3200_100_25_02_08_3600/1_100_25_02_08_3600_90_S.csv
90,0.2,0.8,3600,235.13,3.33,914.91,2430.43,4.84,1,3,S,C:/Users/gerardoamc/Downloads/Data Collection/90 degree orientation/90_4_3200_100_25_02_08_3600/1_100_25_02_08_3600_90_S.csv
90,0.2,0.8,3600,234.91,3.32,958.87,2194.32,5.44,1,4,S,C:/Users/gerardoamc/Downloads/Data Collection/90 degree orientation/90_4_3200_100_25_02_08_3600/1_100_25_02_08_3600_90_S.csv
90,0.2,0.8,3600,234.54,3.31,620.21,2290.87,8.40,2,1,S,C:/Users/gerardoamc/Downloads/Data Collection/90 degree orientation/90_4_3200_100_25_02_08_3600/2_100_25_02_08_3600_90_S.csv
90,0.2,0.8,3600,234.72,3.32,620.21,2320.39,6.16,2,2,S,C:/Users/gerardoamc/Downloads/Data Collection/90 degree orientation/90_4_3200_100_25_02_08_3600/2_100_25_02_08_3600_90_S.csv
90,0.2,0.8,3600,234.78,3.31,815.26,1947.72,3.28,2,3,S,C:/Users/gerardoamc/Downloads/Data Collection/90 degree orientation/90_4_3200_100_25_02_08_3600/2_100_25_02_08_3600_90_S.csv
90,0.2,0.8,3600,234.7,3.31,620.21,1039.90,5.78,2,4,S,C:/Users/gerardoamc/Downloads/Data Collection/90 degree orientation/90_4_3200_100_25_02_08_3600/2_100_25_02_08_3600_90_S.csv
90,0.2,0.8,3600,230.1,3.20,424.48,1875.36,6.71,1,1,J,C:/Users/gerardoamc/Downloads/Data Collection/90 degree orientation/90_4_3200_100_25_02_08_3600_J/1_25_100_02_08_3600_90_J.csv
90,0.2,0.8,3600,230.2,3.11,506.08,1957.93,6.71,1,2,J,C:/Users/gerardoamc/Downloads/Data Collection/90 degree orientation/90_4_3200_100_25_02_08_3600_J/1_25_100_02_08_3600_90_J.csv
90,0.2,0.8,3600,230.3,3.14,516.32,2265.65,7.09,1,3,J,C:/Users/gerardoamc/Downloads/Data Collection/90 degree orientation/90_4_3200_100_25_02_08_3600_J/1_25_100_02_08_3600_90_J.csv
90,0.2,0.8,3600,230.4,3.16,546.31,2188.42,6.28,1,4,J,C:/Users/gerardoamc/Downloads/Data Collection/90 degree orientation/90_4_3200_100_25_02_08_3600_J/1_25_100_02_08_3600_90_J.csv
90,0.2,0.8,3600,230.5,3.17,571.25,2199.28,5.86,2,1,J,C:/Users/gerardoamc/Downloads/Data Collection/90 degree orientation/90_4_3200_100_25_02_08_3600_J/2_25_100_02_08_3600_90_J.csv
90,0.2,0.8,3600,230.6,3.15,515.74,3205.08,6.71,2,2,J,C:/Users/gerardoamc/Downloads/Data Collection/90 degree orientation/90_4_3200_100_25_02_08_3600_J/2_25_100_02_08_3600_90_J.csv
90,0.2,0.8,3600,230.7,3.14,463.42,1852.79,9.40,2,3,J,C:/Users/gerardoamc/Downloads/Data Collection/90 degree orientation/90_4_3200_100_25_02_08_3600_J/2_25_100_02_08_3600_90_J.csv
90,0.2,0.8,3600,230.8,3.14,506.89,2146.51,9.28,2,4,J,C:/Users/gerardoamc/Downloads/Data Collection/90 degree orientation/90_4_3200_100_25_02_08_3600_J/2_25_100_02_08_3600_90_J.csv
90,0.2,0.8,3600,227.4,3.22,525.93,2187.59,7.68,1,1,JB,C:/Users/gerardoamc/Downloads/Data Collection/90 degree orientation/90_4_3200_100_25_02_08_3600_JB/1_100_25_02_08_3600_90_JB.csv
90,0.2,0.8,3600,227.4,3.21,488.02,1753.68,5.42,1,2,JB,C:/Users/gerardoamc/Downloads/Data Collection/90 degree orientation/90_4_3200_100_25_02_08_3600_JB/1_100_25_02_08_3600_90_JB.csv
90,0.2,0.8,3600,227.41,3.21,419.59,1835.27,6.32,1,3,JB,C:/Users/gerardoamc/Downloads/Data Collection/90 degree orientation/90_4_3200_100_25_02_08_3600_JB/1_100_25_02_08_3600_90_JB.csv
90,0.2,0.8,3600,227.48,3.21,475.50,2184.96,7.99,1,4,JB,C:/Users/gerardoamc/Downloads/Data Collection/90 degree orientation/90_4_3200_100_25_02_08_3600_JB/1_100_25_02_08_3600_90_JB.csv
90,0.2,0.8,3600,227.56,3.21,781.28,2201.96,4.22,2,1,JB,C:/Users/gerardoamc/Downloads/Data Collection/90 degree orientation/90_4_3200_100_25_02_08_3600_JB/2_100_25_02_08_3600_90_JB.csv
90,0.2,0.8,3600,227.44,3.15,850.59,2071.18,7.92,2,2,JB,C:/Users/gerardoamc/Downloads/Data Collection/90 degree orientation/90_4_3200_100_25_02_08_3600_JB/2_100_25_02_08_3600_90_JB.csv
90,0.2,0.8,3600,227.48,3.19,729.34,2399.40,6.80,2,3,JB,C:/Users/gerardoamc/Downloads/Data Collection/90 degree orientation/90_4_3200_100_25_02_08_3600_JB/2_100_25_02_08_3600_90_JB.csv
90,0.2,0.8,3600,227.47,3.20,774.25,2101.59,6.71,2,4,JB,C:/Users/gerardoamc/Downloads/Data Collection/90 degree orientation/90_4_3200_100_25_02_08_3600_JB/2_100_25_02_08_3600_90_JB.csv
0,0.4,0.3,1200,226.9,0.92,1169.90,2135.30,24.24,1,1,M,C:/Users/gerardoamc/Downloads/Data Collection/90 degree orientation/90_4_3200_100_25_04_03_1200/1_100_25_04_03_1200_0_M.csv
0,0.4,0.3,1200,226.91,0.94,1162.32,2065.55,26.56,1,2,M,C:/Users/gerardoamc/Downloads/Data Collection/90 degree orientation/90_4_3200_100_25_04_03_1200/1_100_25_04_03_1200_0_M.csv
0,0.4,0.3,1200,226.92,0.95,1166.32,2070.42,25.98,1,3,M,C:/Users/gerardoamc/Downloads/Data Collection/90 degree orientation/90_4_3200_100_25_04_03_1200/1_100_25_04_03_1200_0_M.csv
0,0.4,0.3,1200,226.89,0.95,1182.25,2042.54,25.40,1,4,M,C:/Users/gerardoamc/Downloads/Data Collection/90 degree orientation/90_4_3200_100_25_04_03_1200/1_100_25_04_03_1200_0_M.csv
0,0.4,0.3,1200,227.59,0.94,1173.61,2021.53,24.40,2,1,JB,C:/Users/gerardoamc/Downloads/Data Collection/90 degree orientation/90_4_3200_100_25_04_03_1200/2_100_25_04_03_1200_0_JB.csv
0,0.4,0.3,1200,227.57,0.94,986.20,1945.76,24.47,2,2,JB,C:/Users/gerardoamc/Downloads/Data Collection/90 degree orientation/90_4_3200_100_25_04_03_1200/2_100_25_04_03_1200_0_JB.csv
0,0.4,0.3,1200,227.59,0.94,927.07,1986.96,24.40,2,3,JB,C:/Users/gerardoamc/Downloads/Data Collection/90 degree orientation/90_4_3200_100_25_04_03_1200/2_100_25_04_03_1200_0_JB.csv
0,0.4,0.3,1200,227.58,0.94,902.93,2511.38,24.22,2,4,JB,C:/Users/gerardoamc/Downloads/Data Collection/90 degree orientation/90_4_3200_100_25_04_03_1200/2_100_25_04_03_1200_0_JB.csv
90,0.4,0.3,2400,227.71,1.80,2978.43,2382.68,25.93,1,1,,C:/Users/gerardoamc/Downloads/Data Collection/90 degree orientation/90_4_3200_100_25_04_03_2400/1_100_25_04_03_2400_90.csv
90,0.4,0.3,2400,227.73,1.80,2613.82,2548.47,26.69,1,2,,C:/Users/gerardoamc/Downloads/Data Collection/90 degree orientation/90_4_3200_100_25_04_03_2400/1_100_25_04_03_2400_90.csv
90,0.4,0.3,2400,227.28,1.78,2786.01,2274.73,26.04,1,3,,C:/Users/gerardoamc/Downloads/Data Collection/90 degree orientation/90_4_3200_100_25_04_03_2400/1_100_25_04_03_2400_90.csv
90,0.4,0.3,2400,227.62,1.55,2233.65,2657.61,21.07,1,4,,C:/Users/gerardoamc/Downloads/Data Collection/90 degree orientation/90_4_3200_100_25_04_03_2400/1_100_25_04_03_2400_90.csv
90,0.4,0.3,2400,227.62,1.79,2272.17,2104.48,26.55,2,1,,C:/Users/gerardoamc/Downloads/Data Collection/90 degree orientation/90_4_3200_100_25_04_03_2400/2_100_25_04_03_2400_90.csv
90,0.4,0.3,2400,227.66,1.73,1846.05,2020.33,23.91,2,2,,C:/Users/gerardoamc/Downloads/Data Collection/90 degree orientation/90_4_3200_100_25_04_03_2400/2_100_25_04_03_2400_90.csv
90,0.4,0.3,2400,227.45,1.70,1822.77,1841.50,24.51,2,3,,C:/Users/gerardoamc/Downloads/Data Collection/90 degree orientation/90_4_3200_100_25_04_03_2400/2_100_25_04_03_2400_90.csv
90,0.4,0.3,2400,227.55,1.55,1708.29,2098.34,20.31,2,4,,C:/Users/gerardoamc/Downloads/Data Collection/90 degree orientation/90_4_3200_100_25_04_03_2400/2_100_25_04_03_2400_90.csv
90,0.4,0.3,3600,226.81,1.97,1415.15,1195.28,9.15,1,1,M,C:/Users/gerardoamc/Downloads/Data Collection/90 degree orientation/90_4_3200_100_25_04_03_3600/1_100_25_04_03_3600_90_M.csv
90,0.4,0.3,3600,226.81,1.97,1288.03,985.56,8.15,1,2,M,C:/Users/gerardoamc/Downloads/Data Collection/90 degree orientation/90_4_3200_100_25_04_03_3600/1_100_25_04_03_3600_90_M.csv
90,0.4,0.3,3600,226.71,1.99,1312.15,919.85,8.26,1,3,M,C:/Users/gerardoamc/Downloads/Data Collection/90 degree orientation/90_4_3200_100_25_04_03_3600/1_100_25_04_03_3600_90_M.csv
90,0.4,0.3,3600,226.74,2.02,1359.17,1047.98,8.33,1,4,M,C:/Users/gerardoamc/Downloads/Data Collection/90 degree orientation/90_4_3200_100_25_04_03_3600/1_100_25_04_03_3600_90_M.csv
90,0.4,0.3,3600,227.55,2.47,1946.75,2093.68,20.74,2,1,JB,C:/Users/gerardoamc/Downloads/Data Collection/90 degree orientation/90_4_3200_100_25_04_03_3600/2_100_25_04_03_3600_90_JB.csv
90,0.4,0.3,3600,227.46,2.45,1849.35,2162.60,22.49,2,2,JB,C:/Users/gerardoamc/Downloads/Data Collection/90 degree orientation/90_4_3200_100_25_04_03_3600/2_100_25_04_03_3600_90_JB.csv
90,0.4,0.3,3600,227.43,2.46,1751.78,2144.00,23.69,2,3,JB,C:/Users/gerardoamc/Downloads/Data Collection/90 degree orientation/90_4_3200_100_25_04_03_3600/2_100_25_04_03_3600_90_JB.csv
90,0.4,0.3,3600,227.57,2.45,1700.61,2040.88,23.19,2,4,JB,C:/Users/gerardoamc/Downloads/Data Collection/90 degree orientation/90_4_3200_100_25_04_03_3600/2_100_25_04_03_3600_90_JB.csv
90,0.4,0.4,1200,234.2,1.32,1255.93,2132.21,26.66,1,1,,C:/Users/gerardoamc/Downloads/Data Collection/90 degree orientation/90_4_3200_100_25_04_04_1200/1_100_25_04_04_1200_90.csv
90,0.4,0.4,1200,234.38,1.32,1112.41,2368.57,25.95,1,2,,C:/Users/gerardoamc/Downloads/Data Collection/90 degree orientation/90_4_3200_100_25_04_04_1200/1_100_25_04_04_1200_90.csv
90,0.4,0.4,1200,234.67,1.31,972.18,1867.48,24.26,1,3,,C:/Users/gerardoamc/Downloads/Data Collection/90 degree orientation/90_4_3200_100_25_04_04_1200/1_100_25_04_04_1200_90.csv
90,0.4,0.4,1200,234.53,1.32,967.31,2189.97,25.29,1,4,,C:/Users/gerardoamc/Downloads/Data Collection/90 degree orientation/90_4_3200_100_25_04_04_1200/1_100_25_04_04_1200_90.csv
90,0.4,0.4,1200,233.99,1.31,1187.26,2188.64,26.27,2,1,,C:/Users/gerardoamc/Downloads/Data Collection/90 degree orientation/90_4_3200_100_25_04_04_1200/2_100_25_04_04_1200_90.csv
90,0.4,0.4,1200,234.26,1.31,940.06,2346.38,25.57,2,2,,C:/Users/gerardoamc/Downloads/Data Collection/90 degree orientation/90_4_3200_100_25_04_04_1200/2_100_25_04_04_1200_90.csv
90,0.4,0.4,1200,234.55,1.31,782.30,2748.20,24.33,2,3,,C:/Users/gerardoamc/Downloads/Data Collection/90 degree orientation/90_4_3200_100_25_04_04_1200/2_100_25_04_04_1200_90.csv
90,0.4,0.4,1200,234.45,1.31,782.37,1678.28,23.99,2,4,,C:/Users/gerardoamc/Downloads/Data Collection/90 degree orientation/90_4_3200_100_25_04_04_1200/2_100_25_04_04_1200_90.csv
90,0.4,0.4,2400,234.06,2.49,1848.86,1801.87,24.92,1,1,,C:/Users/gerardoamc/Downloads/Data Collection/90 degree orientation/90_4_3200_100_25_04_04_2400/1_100_25_04_04_2400_90.csv
90,0.4,0.4,2400,234.29,2.50,1577.85,1833.05,24.66,1,2,,C:/Users/gerardoamc/Downloads/Data Collection/90 degree orientation/90_4_3200_100_25_04_04_2400/1_100_25_04_04_2400_90.csv
90,0.4,0.4,2400,234.53,2.50,1317.86,1736.87,23.16,1,3,,C:/Users/gerardoamc/Downloads/Data Collection/90 degree orientation/90_4_3200_100_25_04_04_2400/1_100_25_04_04_2400_90.csv
90,0.4,0.4,2400,234.44,2.50,1321.01,1955.65,22.84,1,4,,C:/Users/gerardoamc/Downloads/Data Collection/90 degree orientation/90_4_3200_100_25_04_04_2400/1_100_25_04_04_2400_90.csv
90,0.4,0.4,2400,233.88,2.49,1819.40,2086.73,24.76,2,1,,C:/Users/gerardoamc/Downloads/Data Collection/90 degree orientation/90_4_3200_100_25_04_04_2400/2_100_25_04_04_2400_90.csv
90,0.4,0.4,2400,234.16,2.50,1586.21,2118.28,25.97,2,2,,C:/Users/gerardoamc/Downloads/Data Collection/90 degree orientation/90_4_3200_100_25_04_04_2400/2_100_25_04_04_2400_90.csv
90,0.4,0.4,2400,234.42,2.51,1478.81,2086.73,23.06,2,3,,C:/Users/gerardoamc/Downloads/Data Collection/90 degree orientation/90_4_3200_100_25_04_04_2400/2_100_25_04_04_2400_90.csv
90,0.4,0.4,2400,234.38,2.50,1442.99,3074.67,23.61,2,4,,C:/Users/gerardoamc/Downloads/Data Collection/90 degree orientation/90_4_3200_100_25_04_04_2400/2_100_25_04_04_2400_90.csv
90,0.4,0.4,3600,234.07,3.48,2942.70,3049.66,21.29,1,1,,C:/Users/gerardoamc/Downloads/Data Collection/90 degree orientation/90_4_3200_100_25_04_04_3600/1_100_25_04_04_3600_90.csv
90,0.4,0.4,3600,234.19,3.49,2363.32,2716.40,23.72,1,2,,C:/Users/gerardoamc/Downloads/Data Collection/90 degree orientation/90_4_3200_100_25_04_04_3600/1_100_25_04_04_3600_90.csv
90,0.4,0.4,3600,234.41,3.50,2156.12,2586.44,21.41,1,3,,C:/Users/gerardoamc/Downloads/Data Collection/90 degree orientation/90_4_3200_100_25_04_04_3600/1_100_25_04_04_3600_90.csv
90,0.4,0.4,3600,234.13,3.49,2220.91,2586.44,19.85,1,4,,C:/Users/gerardoamc/Downloads/Data Collection/90 degree orientation/90_4_3200_100_25_04_04_3600/1_100_25_04_04_3600_90.csv
90,0.4,0.4,3600,234.15,3.47,2759.41,2572.44,21.47,2,1,,C:/Users/gerardoamc/Downloads/Data Collection/90 degree orientation/90_4_3200_100_25_04_04_3600/2_100_25_04_04_3600_90.csv
90,0.4,0.4,3600,234.32,3.48,2475.17,1981.92,23.38,2,2,,C:/Users/gerardoamc/Downloads/Data Collection/90 degree orientation/90_4_3200_100_25_04_04_3600/2_100_25_04_04_3600_90.csv
90,0.4,0.4,3600,234.66,3.47,2257.19,2931.38,19.59,2,3,,C:/Users/gerardoamc/Downloads/Data Collection/90 degree orientation/90_4_3200_100_25_04_04_3600/2_100_25_04_04_3600_90.csv
90,0.4,0.4,3600,234.53,3.46,2209.27,2266.85,21.72,2,4,,C:/Users/gerardoamc/Downloads/Data Collection/90 degree orientation/90_4_3200_100_25_04_04_3600/2_100_25_04_04_3600_90.csv
90,0.4,0.8,1200,227.19,2.51,301.26,2043.49,14.27,1,1,J,C:/Users/gerardoamc/Downloads/Data Collection/90 degree orientation/90_4_3200_100_25_04_08_1200/1_100_25_04_08_1200_90_J.csv
90,0.4,0.8,1200,227.23,2.50,341.34,2182.99,15.65,1,2,J,C:/Users/gerardoamc/Downloads/Data Collection/90 degree orientation/90_4_3200_100_25_04_08_1200/1_100_25_04_08_1200_90_J.csv
90,0.4,0.8,1200,227.12,2.49,262.59,1958.80,10.48,1,3,J,C:/Users/gerardoamc/Downloads/Data Collection/90 degree orientation/90_4_3200_100_25_04_08_1200/1_100_25_04_08_1200_90_J.csv
90,0.4,0.8,1200,227.19,2.49,282.63,2128.79,16.33,1,4,J,C:/Users/gerardoamc/Downloads/Data Collection/90 degree orientation/90_4_3200_100_25_04_08_1200/1_100_25_04_08_1200_90_J.csv
90,0.4,0.8,1200,227.46,2.51,516.18,2350.06,21.29,2,1,JB,C:/Users/gerardoamc/Downloads/Data Collection/90 degree orientation/90_4_3200_100_25_04_08_1200/2_100_25_04_08_1200_90_JB.csv
90,0.4,0.8,1200,227.6,2.51,514.22,2417.42,19.58,2,2,JB,C:/Users/gerardoamc/Downloads/Data Collection/90 degree orientation/90_4_3200_100_25_04_08_1200/2_100_25_04_08_1200_90_JB.csv
90,0.4,0.8,1200,227.52,2.51,389.23,2385.92,16.06,2,3,JB,C:/Users/gerardoamc/Downloads/Data Collection/90 degree orientation/90_4_3200_100_25_04_08_1200/2_100_25_04_08_1200_90_JB.csv
90,0.4,0.8,1200,227.49,2.51,463.16,2487.79,15.39,2,4,JB,C:/Users/gerardoamc/Downloads/Data Collection/90 degree orientation/90_4_3200_100_25_04_08_1200/2_100_25_04_08_1200_90_JB.csv
90,0.4,0.8,2400,227.05,4.65,861.79,1889.22,13.24,1,1,J,C:/Users/gerardoamc/Downloads/Data Collection/90 degree orientation/90_4_3200_100_25_04_08_2400/01_100_25_04_08_2400_90_J.csv
90,0.4,0.8,2400,227.15,4.64,762.12,2139.84,17.09,1,2,J,C:/Users/gerardoamc/Downloads/Data Collection/90 degree orientation/90_4_3200_100_25_04_08_2400/01_100_25_04_08_2400_90_J.csv
90,0.4,0.8,2400,227.02,4.61,715.27,2152.75,13.94,1,3,J,C:/Users/gerardoamc/Downloads/Data Collection/90 degree orientation/90_4_3200_100_25_04_08_2400/01_100_25_04_08_2400_90_J.csv
90,0.4,0.8,2400,227.12,4.55,719.50,1791.61,15.58,1,4,J,C:/Users/gerardoamc/Downloads/Data Collection/90 degree orientation/90_4_3200_100_25_04_08_2400/01_100_25_04_08_2400_90_J.csv
90,0.4,0.8,2400,226.99,4.61,879.75,2963.37,15.23,2,1,J-thefirst3,C:/Users/gerardoamc/Downloads/Data Collection/90 degree orientation/90_4_3200_100_25_04_08_2400/02_100_25_04_08_2400_90_J-thefirst3.csv
90,0.4,0.8,2400,227.14,4.62,756.81,1747.07,14.57,2,2,J-thefirst3,C:/Users/gerardoamc/Downloads/Data Collection/90 degree orientation/90_4_3200_100_25_04_08_2400/02_100_25_04_08_2400_90_J-thefirst3.csv
90,0.4,0.8,2400,227.03,4.63,719.43,2253.32,11.90,2,3,J-thefirst3,C:/Users/gerardoamc/Downloads/Data Collection/90 degree orientation/90_4_3200_100_25_04_08_2400/02_100_25_04_08_2400_90_J-thefirst3.csv
90,0.4,0.8,2400,227.12,4.64,678.71,1908.49,14.51,2,4,J-thefirst3,C:/Users/gerardoamc/Downloads/Data Collection/90 degree orientation/90_4_3200_100_25_04_08_2400/02_100_25_04_08_2400_90_J-thefirst3.csv
90,0.4,0.8,3600,227.27,5.41,1892.65,1582.95,6.08,1,1,JB,C:/Users/gerardoamc/Downloads/Data Collection/90 degree orientation/90_4_3200_100_25_04_08_3600/1_100_25_04_08_3600_90_JB.csv
90,0.4,0.8,3600,227.35,5.73,2113.27,1452.20,4.80,1,2,JB,C:/Users/gerardoamc/Downloads/Data Collection/90 degree orientation/90_4_3200_100_25_04_08_3600/1_100_25_04_08_3600_90_JB.csv
90,0.4,0.8,3600,227.25,5.64,1932.92,2016.35,5.66,1,3,JB,C:/Users/gerardoamc/Downloads/Data Collection/90 degree orientation/90_4_3200_100_25_04_08_3600/1_100_25_04_08_3600_90_JB.csv
90,0.4,0.8,3600,227.2,5.73,2355.06,1487.67,4.18,1,4,JB,C:/Users/gerardoamc/Downloads/Data Collection/90 degree orientation/90_4_3200_100_25_04_08_3600/1_100_25_04_08_3600_90_JB.csv
90,0.4,0.8,3600,227.34,5.54,2078.41,1294.87,3.83,2,1,JB,C:/Users/gerardoamc/Downloads/Data Collection/90 degree orientation/90_4_3200_100_25_04_08_3600/2_100_25_04_08_3600_90_JB.csv
90,0.4,0.8,3600,227.19,5.71,2023.24,1367.56,5.92,2,2,JB,C:/Users/gerardoamc/Downloads/Data Collection/90 degree orientation/90_4_3200_100_25_04_08_3600/2_100_25_04_08_3600_90_JB.csv
90,0.4,0.8,3600,227.22,5.85,2172.25,1421.15,4.20,2,3,JB,C:/Users/gerardoamc/Downloads/Data Collection/90 degree orientation/90_4_3200_100_25_04_08_3600/2_100_25_04_08_3600_90_JB.csv
90,0.4,0.8,3600,227.35,5.49,1770.73,1278.62,3.36,2,4,JB,C:/Users/gerardoamc/Downloads/Data Collection/90 degree orientation/90_4_3200_100_25_04_08_3600/2_100_25_04_08_3600_90_JB.csv
